"filename","PT.places","PT.transitions","PT.arcs","PT.safeplaces","state.vector.length","groups","statespace.states","statespace.nodes","group.next","group.explored.nodes","group.explored.vectors","max.tokens","bandwidth","profile","span","average.wavefront","RMS.wavefront","freq"
"10-100_phaseVariation.pnml",302,3137,21755,0,302,3137,,,,,,,18909,121916909,126498451,445.15,480.24,56
"10-10_phaseVariation.pnml",302,3137,21755,0,302,3137,,,,,,,18909,121916909,126498451,445.15,480.24,56
"20-100_phaseVariation.pnml",1202,13457,93395,0,,,,,,,,,81119,2702367022,2726376637,1491.5,,54
"20-100_phaseVariation.pnml",1202,13457,93395,0,1202,13457,,,,,,,81119,2702367022,2726376637,1491.5,1645.9,2
"20-10_phaseVariation.pnml",1202,13457,93395,0,,,,,,,,,81119,2702367022,2726376637,1491.5,,54
"20-10_phaseVariation.pnml",1202,13457,93395,0,1202,13457,,,,,,,81119,2702367022,2726376637,1491.5,1645.9,2
"2-100_phaseVariation.pnml",14,65,443,0,14,65,,,,,,,375,71234,76580,29.8,30.9,56
"2-10_phaseVariation.pnml",14,65,443,0,14,65,"98254",5453,4354,4698,28572,12,375,71234,76580,29.8,30.9,56
"2D8_gradient_10x10_100.pnml",100,684,1368,0,100,684,,,,,,,690,416815,452605,45.01,47.84,48
"2D8_gradient_10x10_100.pnml",100,684,1368,0,100,684,"4.52742573280516e+58",505000,3659400,3592368,3523284,100,690,416815,452605,45.01,47.84,8
"2D8_gradient_10x10_10.pnml",100,684,1368,0,100,684,"42634215112710",6490,58140,52668,45144,10,690,416815,452605,45.01,47.84,56
"2D8_gradient_10x10_150.pnml",100,684,1368,0,100,684,,,,,,,690,416815,452605,45.01,47.84,56
"2D8_gradient_10x10_200.pnml",100,684,1368,0,100,684,,,,,,,690,416815,452605,45.01,47.84,56
"2D8_gradient_10x10_50.pnml",100,684,1368,0,100,684,,,,,,,690,416815,452605,45.01,47.84,42
"2D8_gradient_10x10_50.pnml",100,684,1368,0,100,684,"1.34191072731546e+40",130050,974700,941868,906984,50,690,416815,452605,45.01,47.84,14
"2D8_gradient_20x20_100.pnml",400,2964,5928,0,400,2964,,,,,,,1261,3808882,4068552,87.78,92.75,56
"2D8_gradient_20x20_10.pnml",400,2964,5928,0,400,2964,"32308197757577601024",26290,251940,228228,195624,10,1261,3808882,4068552,87.78,92.75,52
"2D8_gradient_20x20_10.pnml",400,2964,5928,0,400,2964,,,,,,,1261,3808882,4068552,87.78,92.75,4
"2D8_gradient_20x20_150.pnml",400,2964,5928,0,400,2964,,,,,,,1261,3808882,4068552,87.78,92.75,56
"2D8_gradient_20x20_50.pnml",400,2964,5928,0,400,2964,"7.91132791291165e+66",527850,4223700,4081428,3930264,50,1261,3808882,4068552,87.78,92.75,7
"2D8_gradient_20x20_50.pnml",400,2964,5928,0,400,2964,,,,,,,1261,3808882,4068552,87.78,92.75,49
"2D8_gradient_30x30_100.pnml",900,6844,13688,0,900,6844,,,,,,,1820,13356953,14274069,136.23,143.03,56
"2D8_gradient_30x30_10.pnml",900,6844,13688,0,900,6844,"1.00995211163134e+23",59290,581740,526988,451704,10,1820,13356953,14274069,136.23,143.03,40
"2D8_gradient_30x30_10.pnml",900,6844,13688,0,900,6844,,,,,,,1820,13356953,14274069,136.23,143.03,16
"2D8_gradient_30x30_150.pnml",900,6844,13688,0,900,6844,,,,,,,1820,13356953,14274069,136.23,143.03,56
"2D8_gradient_30x30_50.pnml",900,6844,13688,0,900,6844,,,,,,,1820,13356953,14274069,136.23,143.03,56
"2D8_gradient_40x40_100.pnml",1600,12324,24648,0,1600,12324,,,,,,,2680,32948755,35614414,197.08,209.85,56
"2D8_gradient_40x40_10.pnml",1600,12324,24648,0,1600,12324,,,,,,,2680,32948755,35614414,197.08,209.85,20
"2D8_gradient_40x40_10.pnml",1600,12324,24648,0,1600,12324,"3.11621362935612e+25",105490,1047540,948948,813384,10,2680,32948755,35614414,197.08,209.85,36
"2D8_gradient_40x40_150.pnml",1600,12324,24648,0,1600,12324,,,,,,,2680,32948755,35614414,197.08,209.85,56
"2D8_gradient_40x40_50.pnml",1600,12324,24648,0,1600,12324,,,,,,,2680,32948755,35614414,197.08,209.85,56
"2D8_gradient_50x50_100.pnml",2500,19404,38808,0,2500,19404,,,,,,,3540,66243354,72222634,262.49,281.52,56
"2D8_gradient_50x50_10.pnml",2500,19404,38808,0,2500,19404,,,,,,,3540,66243354,72222634,262.49,281.52,40
"2D8_gradient_50x50_10.pnml",2500,19404,38808,0,2500,19404,"2.6757434520944e+27",164890,1649340,1494108,1280664,10,3540,66243354,72222634,262.49,281.52,16
"2D8_gradient_50x50_150.pnml",2500,19404,38808,0,2500,19404,,,,,,,3540,66243354,72222634,262.49,281.52,56
"2D8_gradient_50x50_50.pnml",2500,19404,38808,0,2500,19404,,,,,,,3540,66243354,72222634,262.49,281.52,56
"2D8_gradient_5x5_100.pnml",25,144,288,0,25,144,"2.6010968307696e+25",118675,770400,756288,741744,100,235,36030,38877,18.2,19.1,13
"2D8_gradient_5x5_100.pnml",25,144,288,0,25,144,,,,,,,235,36030,38877,18.2,19.1,43
"2D8_gradient_5x5_10.pnml",25,144,288,0,25,144,"131128140",1540,12240,11088,9504,10,235,36030,38877,18.2,19.1,56
"2D8_gradient_5x5_150.pnml",25,144,288,0,25,144,"1.81260353423611e+29",264250,1695600,1674288,1652544,150,235,36030,38877,18.2,19.1,8
"2D8_gradient_5x5_150.pnml",25,144,288,0,25,144,,,,,,,235,36030,38877,18.2,19.1,48
"2D8_gradient_5x5_200.pnml",25,144,288,0,25,144,,,,,,,235,36030,38877,18.2,19.1,48
"2D8_gradient_5x5_200.pnml",25,144,288,0,25,144,"1.14386128575629e+32",467325,2980800,2952288,2923344,200,235,36030,38877,18.2,19.1,8
"2D8_gradient_5x5_250.pnml",25,144,288,0,25,144,,,,,,,235,36030,38877,18.2,19.1,51
"2D8_gradient_5x5_250.pnml",25,144,288,0,25,144,"1.83135022394534e+34",727900,4626000,4590288,4554144,250,235,36030,38877,18.2,19.1,5
"2D8_gradient_5x5_300.pnml",25,144,288,0,25,144,,,,,,,235,36030,38877,18.2,19.1,56
"2D8_gradient_5x5_350.pnml",25,144,288,0,25,144,,,,,,,235,36030,38877,18.2,19.1,56
"2D8_gradient_5x5_50.pnml",25,144,288,0,25,144,"17529515713716299776",30600,205200,198288,190944,50,235,36030,38877,18.2,19.1,56
"30-100_phaseVariation.pnml",2702,30977,215035,0,,,,,,,,,186741,12751423074,12914866557,,,54
"30-100_phaseVariation.pnml",2702,30977,215035,0,,,,,,,,,,,,,,2
"30-10_phaseVariation.pnml",2702,30977,215035,0,,,,,,,,,186741,12751423074,12914866557,,,53
"30-10_phaseVariation.pnml",2702,30977,215035,0,,,,,,,,,,,,,,3
"5-100_phaseVariation.pnml",77,677,4685,0,77,677,,,,,,,4074,6756238,7028284,125.6,134.5,56
"5-10_phaseVariation.pnml",77,677,4685,0,77,677,"476429500890",33465,27556,41685,161242,25,4074,6756238,7028284,125.6,134.5,54
"5-10_phaseVariation.pnml",77,677,4685,0,77,677,,,,,,,4074,6756238,7028284,125.6,134.5,2
"angiogenesis-01.pnml",39,64,185,0,39,64,"110",275,288,462,254,1,206,14587,16457,18.3,19.5,56
"angiogenesis-05.pnml",39,64,185,0,39,64,"42734935",11992,2999,2744,4011,5,206,14587,16457,18.3,19.5,56
"angiogenesis-10.pnml",39,64,185,0,39,64,"822645885495",138328,9424,8132,21446,10,206,14587,16457,18.3,19.5,44
"angiogenesis-10.pnml",39,64,185,0,39,64,,,,,,,206,14587,16457,18.3,19.5,12
"angiogenesis-15.pnml",39,64,185,0,39,64,,,,,,,206,14587,16457,18.3,19.5,37
"angiogenesis-15.pnml",39,64,185,0,39,64,"1115538966669110",691385,19209,16324,62421,15,206,14587,16457,18.3,19.5,19
"angiogenesis-20.pnml",39,64,185,0,39,64,,,,,,,206,14587,16457,18.3,19.5,56
"angiogenesis-25.pnml",39,64,185,0,39,64,,,,,,,206,14587,16457,18.3,19.5,56
"angiogenesis-50.pnml",39,64,185,0,39,64,,,,,,,206,14587,16457,18.3,19.5,56
"ARMCacheCoherence.pnml",87,33676,246935,87,,,,,,,,,,,,,,56
"BridgeAndVehicles-V04-P05-N02-unfolded.pnml",28,52,326,0,28,52,"10658",5199,719,1449,2430,5,307,35424,39027,31.2,33.6,56
"BridgeAndVehicles-V10-P10-N10-unfolded.pnml",48,288,2090,0,48,288,"1770956",113875,4954,10564,37734,10,1882,1351587,1392332,55.18,56.86,56
"BridgeAndVehicles-V20-P10-N10-unfolded.pnml",68,548,4070,0,68,548,,,,,,,3622,5018385,5143012,100.7,104.5,36
"BridgeAndVehicles-V20-P10-N10-unfolded.pnml",68,548,4070,0,68,548,"58718346",628778,11189,32941,160762,20,3622,5018385,5143012,100.7,104.5,20
"BridgeAndVehicles-V20-P10-N20-unfolded.pnml",78,968,7350,0,78,968,,,,,,,6532,16706067,16910459,88.49,90.5,48
"BridgeAndVehicles-V20-P10-N20-unfolded.pnml",78,968,7350,0,78,968,"69238866",1098938,15954,39162,170494,20,6532,16706067,16910459,88.49,90.5,8
"BridgeAndVehicles-V20-P10-N50-unfolded.pnml",108,2228,17190,0,108,2228,,,,,,,15262,94357635,95204546,165.8,172.19,56
"BridgeAndVehicles-V20-P20-N10-unfolded.pnml",68,548,4070,0,68,548,"105062382",729239,16894,46210,422512,20,3622,5018385,5143012,100.7,104.5,20
"BridgeAndVehicles-V20-P20-N10-unfolded.pnml",68,548,4070,0,68,548,,,,,,,3622,5018385,5143012,100.7,104.5,36
"BridgeAndVehicles-V20-P20-N20-unfolded.pnml",78,968,7350,0,78,968,,,,,,,6532,16706067,16910459,88.49,90.5,50
"BridgeAndVehicles-V20-P20-N20-unfolded.pnml",78,968,7350,0,78,968,"128945260",1443932,20784,51413,432244,20,6532,16706067,16910459,88.49,90.5,6
"BridgeAndVehicles-V20-P20-N50-unfolded.pnml",108,2228,17190,0,108,2228,,,,,,,15262,94357635,95204546,165.8,172.19,56
"BridgeAndVehicles-V50-P20-N10-unfolded.pnml",128,1328,10010,0,128,1328,,,,,,,8842,29492284,30052470,199.4,206.6,56
"BridgeAndVehicles-V50-P20-N20-unfolded.pnml",138,2348,18090,0,138,2348,,,,,,,15952,98418957,98953454,128,133.44,56
"BridgeAndVehicles-V50-P20-N50-unfolded.pnml",168,5408,42330,0,168,5408,,,,,,,37282,557637012,559908164,186.32,190.53,56
"BridgeAndVehicles-V50-P50-N10-unfolded.pnml",128,1328,10010,0,128,1328,,,,,,,8842,29492284,30052470,199.4,206.6,56
"BridgeAndVehicles-V50-P50-N20-unfolded.pnml",138,2348,18090,0,138,2348,,,,,,,15952,98418957,98953454,128,133.44,56
"BridgeAndVehicles-V50-P50-N50-unfolded.pnml",168,5408,42330,0,168,5408,,,,,,,37282,557637012,559908164,186.32,190.53,56
"BridgeAndVehicles-V80-P20-N10-unfolded.pnml",188,2108,15950,0,188,2108,,,,,,,14062,72509918,72929531,149.77,161.43,56
"BridgeAndVehicles-V80-P20-N20-unfolded.pnml",198,3728,28830,0,198,3728,,,,,,,25372,251141673,253654200,321.63,330.66,56
"BridgeAndVehicles-V80-P20-N50-unfolded.pnml",228,8588,67470,0,228,8588,,,,,,,59302,1413159445,1419985500,372.79,382.28,56
"BridgeAndVehicles-V80-P50-N10-unfolded.pnml",188,2108,15950,0,188,2108,,,,,,,14062,74319776,75618600,298.18,308.72,56
"BridgeAndVehicles-V80-P50-N20-unfolded.pnml",198,3728,28830,0,198,3728,,,,,,,25372,251141673,253654200,321.63,330.66,56
"BridgeAndVehicles-V80-P50-N50-unfolded.pnml",228,8588,67470,0,228,8588,,,,,,,59302,1413159445,1419985500,372.79,382.28,56
"circadian_clock-000001.pnml",14,16,58,0,14,16,"128",28,104,104,60,1,32,1009,1382,8.3,8.6,56
"circadian_clock-000010.pnml",14,16,58,0,14,16,"644204",118,824,464,1914,10,32,1009,1382,8.3,8.6,56
"circadian_clock-000100.pnml",14,16,58,0,14,16,"42040402004",1018,8024,4064,1062924,100,32,1009,1382,8.3,8.6,56
"circadian_clock-001000.pnml",14,16,58,0,14,16,,,,,,,32,1009,1382,8.3,8.6,56
"circadian_clock-010000.pnml",14,16,58,0,14,16,,,,,,,32,1009,1382,8.3,8.6,56
"circadian_clock-100000.pnml",14,16,58,0,14,16,,,,,,,32,1009,1382,8.3,8.6,56
"CircularTrain-012.pnml",24,12,48,0,24,12,"195",249,112,148,116,2,46,1445,1727,9,9.3,48
"CircularTrain-012.pnml",24,12,48,0,24,12,"2",34,8,16,4,2,46,1445,1727,9,9.3,8
"CircularTrain-024.pnml",48,24,96,0,48,24,"86515",993,224,284,232,2,43,3039,3680,9.84,10,48
"CircularTrain-024.pnml",48,24,96,0,48,24,,,,,,,43,3039,3680,9.84,10,6
"CircularTrain-024.pnml",48,24,96,0,48,24,"2",55,8,12,3,2,43,3039,3680,9.84,10,2
"CircularTrain-048.pnml",96,48,192,0,96,48,"23973456915",4025,448,555,464,2,39,6066,7574,10.3,10.4,48
"CircularTrain-048.pnml",96,48,192,0,96,48,"2",103,8,8,2,2,39,6066,7574,10.3,10.4,6
"CircularTrain-048.pnml",96,48,192,0,96,48,,,,,,,39,6066,7574,10.3,10.4,2
"CircularTrain-096.pnml",192,96,384,0,192,96,"2.59130027829661e+21",16297,896,1102,928,2,39,12453,15318,10.3,10.3,44
"CircularTrain-096.pnml",192,96,384,0,192,96,,,,,,,39,12453,15318,10.3,10.3,7
"CircularTrain-096.pnml",192,96,384,0,192,96,"2",197,8,8,2,2,39,12453,15318,10.3,10.3,5
"CircularTrain-192.pnml",384,192,768,0,384,192,"4.270230527943e+43",65770,1792,2195,1856,2,41,25175,30926,10.42,10.47,40
"CircularTrain-192.pnml",384,192,768,0,384,192,"2",390,8,8,2,2,41,25175,30926,10.42,10.47,8
"CircularTrain-192.pnml",384,192,768,0,384,192,,,,,,,41,25175,30926,10.42,10.47,8
"CircularTrain-384.pnml",768,384,1536,0,768,384,,,,,,,48,50614,62376,10.53,10.57,54
"CircularTrain-384.pnml",768,384,1536,0,768,384,"2",775,8,12,3,2,48,50614,62376,10.53,10.57,2
"CircularTrain-768.pnml",1536,768,3072,0,1536,768,,,,,,,48,101397,124722,10.51,10.55,48
"CircularTrain-768.pnml",1536,768,3072,0,1536,768,"2",1544,8,12,3,2,48,101397,124722,10.51,10.55,8
"closed_system1.pnml",231,202,846,0,231,202,"25632",4349,1158,1838,955,1,366,66279,77742,23.19,24.97,48
"closed_system1.pnml",231,202,846,0,231,202,,,,,,,366,66279,77742,23.19,24.97,4
"closed_system1.pnml",231,202,846,0,231,202,"2",247,6,107,29,1,366,66279,77742,23.19,24.97,4
"closed_system2.pnml",231,202,846,0,231,202,"349874",8904,1446,1944,1053,1,366,66279,77742,23.19,24.97,48
"closed_system2.pnml",231,202,846,0,231,202,"2",247,6,107,29,1,366,66279,77742,23.19,24.97,3
"closed_system2.pnml",231,202,846,0,231,202,,,,,,,366,66279,77742,23.19,24.97,5
"closed_system3.pnml",231,202,846,0,231,202,"1465206",10779,1446,1944,1053,1,366,66279,77742,23.19,24.97,48
"closed_system3.pnml",231,202,846,0,231,202,"2",247,6,107,29,1,366,66279,77742,23.19,24.97,5
"closed_system3.pnml",231,202,846,0,231,202,,,,,,,366,66279,77742,23.19,24.97,3
"closed_system4.pnml",231,202,846,0,231,202,"2409739",11055,1446,1944,1053,1,366,66279,77742,23.19,24.97,48
"closed_system4.pnml",231,202,846,0,231,202,,,,,,,366,66279,77742,23.19,24.97,4
"closed_system4.pnml",231,202,846,0,231,202,"2",247,6,107,29,1,366,66279,77742,23.19,24.97,4
"closed_system5.pnml",231,202,846,0,231,202,"1657242",10287,1446,1944,1053,1,366,66279,77742,23.19,24.97,48
"closed_system5.pnml",231,202,846,0,231,202,"2",247,6,107,29,1,366,66279,77742,23.19,24.97,3
"closed_system5.pnml",231,202,846,0,231,202,,,,,,,366,66279,77742,23.19,24.97,5
"cs_repetitions-10-unfolded.pnml",1311,2300,8700,0,1311,2300,,,,,,,12166,39472399,44532743,847.32,932.46,56
"cs_repetitions-2-unfolded.pnml",23,28,92,0,23,28,"7424",631,258,338,260,2,96,3949,4922,14.6,15.4,56
"cs_repetitions-3-unfolded.pnml",58,81,279,0,58,81,"134074721",9074,1092,1407,1206,3,365,38112,43871,29.4,31.7,56
"cs_repetitions-4-unfolded.pnml",117,176,624,0,117,176,"30948223090688",42093,3322,3981,3856,4,869,192776,216445,60.3,64.6,48
"cs_repetitions-4-unfolded.pnml",117,176,624,0,117,176,,,,,,,869,192776,216445,60.3,64.6,8
"cs_repetitions-5-unfolded.pnml",206,325,1175,0,206,325,,,,,,,1628,687699,778092,117.2,128,56
"cs_repetitions-7-unfolded.pnml",498,833,3087,0,498,833,,,,,,,4314,4981855,5609901,304.7,332,56
"database10UNFOLD.pnml",830,800,3800,0,830,800,,,,,,,5207,4677426,5386245,383.8,424.1,48
"database10UNFOLD.pnml",830,800,3800,0,830,800,"2",834,4,7,3,1,5207,4677426,5386245,383.8,424.1,8
"database20UNFOLD.pnml",3260,3200,23200,0,3260,3200,,,,,,,28997,80995590,87907803,910.52,997.25,48
"database20UNFOLD.pnml",3260,3200,23200,0,3260,3200,"2",3262,4,460,29,1,28997,80995590,87907803,910.52,997.25,8
"database2UNFOLD.pnml",38,32,88,0,38,32,"153",170,176,227,128,1,37,2111,2964,9.09,9.3,48
"database2UNFOLD.pnml",38,32,88,0,38,32,"4",50,16,38,16,1,37,2111,2964,9.09,9.3,8
"database40UNFOLD.pnml",12920,12800,156800,0,,,,,,,,,,,,,,51
"database40UNFOLD.pnml",12920,12800,156800,0,,,,,,,,,180718,3294482403,3566140686,,,5
"database4UNFOLD.pnml",140,128,416,0,140,128,"4717886881",394610,832,1281,1024,1,520,63249,77399,48.6,53.8,44
"database4UNFOLD.pnml",140,128,416,0,140,128,"4",163,20,59,20,1,520,63249,77399,48.6,53.8,8
"database4UNFOLD.pnml",140,128,416,0,140,128,,,,,,,520,63249,77399,48.6,53.8,4
"dekker-100.pnml",500,10200,80200,0,500,10200,,,,,,,70872,1616424237,1632254849,400.17,412.59,46
"dekker-100.pnml",500,10200,80200,0,,,,,,,,,70872,1616424237,1632254849,400.17,,10
"dekker-10.pnml",50,120,820,0,50,120,"6144",6624,1280,1454,15960,1,762,184754,203056,38.3,39.7,56
"dekker-15.pnml",75,255,1830,0,75,255,"278528",174024,2820,3229,738630,1,1682,887942,945043,57.29,59.1,56
"dekker-200.pnml",1000,40400,320400,0,,,,,,,,,,,,,,56
"dekker-20.pnml",100,440,3240,0,100,440,,,,,,,2952,2729502,2863802,77.88,80.32,42
"dekker-20.pnml",100,440,3240,0,100,440,"11534336",5537697,4960,5702,31459680,1,2952,2729502,2863802,77.88,80.32,14
"dekker-50.pnml",250,2600,20100,0,250,2600,,,,,,,17922,102743995,104742456,198.23,204.83,56
"distributeur-01-unfolded-02.pnml",24,72,440,0,24,72,"4096",52,880,936,744,1,488,103588,109873,25.8,26.6,56
"distributeur-01-unfolded-10.pnml",120,111160,1026520,0,,,,,,,,,,,,,,56
"echo-d2r11.pnml",1119,874,4996,0,1119,874,,,,,,,919,1670794,2070185,105.7,111.4,48
"echo-d2r11.pnml",1119,874,4996,0,1119,874,"3",1415,24,2967,521,1,919,1670794,2070185,105.7,111.4,8
"echo-d2r15.pnml",2127,1674,9700,0,2127,1674,,,,,,,1715,3940573,5347040,156.76,166.36,53
"echo-d2r15.pnml",2127,1674,9700,0,2127,1674,"4",2657,36,5298,920,1,1715,3940573,5347040,156.76,166.36,3
"echo-d2r19.pnml",3455,2730,15940,0,3455,2730,,,,,,,2066,8867991,11531699,193.4,205.06,48
"echo-d2r19.pnml",3455,2730,15940,0,3455,2730,"4",4196,36,8574,1474,1,2066,8867991,11531699,193.4,205.06,8
"echo-d2r9.pnml",735,570,3220,0,735,570,,,,,,,795,828085,1039038,91.66,96.81,48
"echo-d2r9.pnml",735,570,3220,0,735,570,"3",978,24,1932,345,1,795,828085,1039038,91.66,96.81,8
"echo-d3r3.pnml",265,206,1252,0,265,206,,,,,,,786,316801,404332,83.05,87.39,52
"echo-d3r3.pnml",265,206,1252,0,265,206,"3",451,30,879,151,1,786,316801,404332,83.05,87.39,4
"echo-d3r5.pnml",1445,1190,8260,0,1445,1190,,,,,,,3236,8035142,9224285,295.45,315.07,51
"echo-d3r5.pnml",1445,1190,8260,0,1445,1190,"4",2456,48,5812,844,1,3236,8035142,9224285,295.45,315.07,5
"echo-d3r7.pnml",4209,3518,25540,0,4209,3518,,,,,,,6799,45975254,61213764,627.28,668.71,54
"echo-d3r7.pnml",4209,3518,25540,0,4209,3518,"4",5806,48,14304,1979,1,6799,45975254,61213764,627.28,668.71,2
"echo-d4r3.pnml",1019,850,6340,0,1019,850,,,,,,,3143,5906837,7805660,322.6,344.2,53
"echo-d4r3.pnml",1019,850,6340,0,1019,850,"4",1793,54,3982,549,1,3143,5906837,7805660,322.6,344.2,3
"echo-d5r3.pnml",3717,3222,28404,0,3717,3222,,,,,,,12872,105114195,134885556,1073.9,1167.2,50
"echo-d5r3.pnml",3717,3222,28404,0,3717,3222,"4",6169,66,17791,2032,1,12872,105114195,134885556,1073.9,1167.2,6
"EnergyBus.pnml",157,4430,63389,157,157,4430,,,,,,,50205,1432871160,1631504712,7639.2,8191.6,5
"EnergyBus.pnml",157,4430,63389,157,157,4430,"2131836945601",26240,65401,71072,901848,1,50205,1432871160,1631504712,7639.2,8191.6,51
"eratosthenes-010.pnml",9,8,24,0,,,,,,,,,28,320,363,5.1,5.5,56
"eratosthenes-020.pnml",19,27,81,0,,,,,,,,,86,2084,2354,10,11,56
"eratosthenes-050.pnml",49,108,324,0,,,,,,,,,312,26366,29732,23.3,25.3,56
"eratosthenes-100.pnml",99,283,849,0,,,,,,,,,679,170365,192288,61.5,66.6,56
"eratosthenes-200.pnml",199,699,2097,0,,,,,,,,,2253,1201931,1336774,143.6,155.4,56
"eratosthenes-500.pnml",499,2191,6573,0,,,,,,,,,6743,12643360,13596172,357.4,410.8,56
"erk-000001.pnml",11,11,34,0,11,11,"13",27,68,79,43,1,17,526,725,6.7,6.9,56
"erk-000010.pnml",11,11,34,0,11,11,"47047",396,1175,979,4411,10,17,526,725,6.7,6.9,56
"erk-000100.pnml",11,11,34,0,11,11,"15914114086",26361,61250,58984,14522386,100,17,526,725,6.7,6.9,40
"erk-000100.pnml",11,11,34,0,11,11,,,,,,,17,526,725,6.7,6.9,16
"erk-001000.pnml",11,11,34,0,11,11,,,,,,,17,526,725,6.7,6.9,56
"erk-010000.pnml",11,11,34,0,11,11,,,,,,,17,526,725,6.7,6.9,56
"erk-100000.pnml",11,11,34,0,11,11,,,,,,,17,526,725,6.7,6.9,56
"FMS-100.pnml",22,20,50,0,22,20,"2.70305727248432e+21",264627,86555,84885,765863,100,27,736,983,5.6,5.8,34
"FMS-100.pnml",22,20,50,0,22,20,,,,,,,27,736,983,5.6,5.8,22
"FMS-10.pnml",22,20,50,0,22,20,"2501413200",1437,1505,1365,2048,10,27,736,983,5.6,5.8,56
"FMS-200.pnml",22,20,50,0,22,20,,,,,,,27,736,983,5.6,5.8,40
"FMS-200.pnml",22,20,50,0,22,20,"1.95363541536061e+25",1719227,333055,329685,5721713,200,27,736,983,5.6,5.8,16
"FMS-20.pnml",22,20,50,0,22,20,"6029168852784",5747,4555,4245,9983,20,27,736,983,5.6,5.8,56
"FMS-2.pnml",22,20,50,0,22,20,"3444",123,205,203,140,3,27,736,983,5.6,5.8,56
"FMS-500.pnml",22,20,50,0,22,20,,,,,,,27,736,983,5.6,5.8,56
"FMS-50.pnml",22,20,50,0,22,20,,,,,,,27,736,983,5.6,5.8,16
"FMS-50.pnml",22,20,50,0,22,20,"424025581818265984",46077,23305,22485,109188,50,27,736,983,5.6,5.8,40
"FMS-5.pnml",22,20,50,0,22,20,"2895018",432,580,525,543,5,27,736,983,5.6,5.8,56
"galloc_res-3.pnml",33,4791,38652,0,33,4791,,,,,,,43388,673311297,767907128,3362.9,3624.9,56
"galloc_res-5.pnml",75,56105,492760,0,,,,,,,,,,,,,,56
"hc3k4p4b12.pnml",1408,2400,9600,0,1408,2400,,,,,,,2007,6581655,7985913,217.04,238.29,56
"hc4k3p3b12.pnml",2457,5400,21600,0,2457,5400,,,,,,,5604,36424190,43632018,507.02,557.82,56
"hc5k3p3b15.pnml",9153,25110,100440,0,,,,,,,,,23038,684164776,815379615,,,56
"HouseConstruction-002.pnml",26,18,51,0,26,18,"132",194,120,139,86,2,32,1041,1252,6.5,6.8,8
"HouseConstruction-002.pnml",26,18,51,0,26,18,"1501",349,248,248,208,2,32,1041,1252,6.5,6.8,48
"HouseConstruction-005.pnml",26,18,51,0,26,18,"1187984",3176,970,811,1463,5,32,1041,1252,6.5,6.8,48
"HouseConstruction-005.pnml",26,18,51,0,26,18,"8602",1261,420,361,463,5,32,1041,1252,6.5,6.8,8
"HouseConstruction-010.pnml",26,18,51,0,26,18,"1663565805",30151,3240,2596,10208,10,32,1041,1252,6.5,6.8,48
"HouseConstruction-010.pnml",26,18,51,0,26,18,"614328",8446,1240,971,2858,10,32,1041,1252,6.5,6.8,8
"HouseConstruction-020.pnml",26,18,51,0,26,18,"94295630",78416,4080,3091,25748,20,32,1041,1252,6.5,6.8,8
"HouseConstruction-020.pnml",26,18,51,0,26,18,"13665907559010",428701,12680,10241,98098,20,32,1041,1252,6.5,6.8,36
"HouseConstruction-020.pnml",26,18,51,0,26,18,,,,,,,32,1041,1252,6.5,6.8,12
"HouseConstruction-050.pnml",26,18,51,0,26,18,,,,,,,32,1041,1252,6.5,6.8,48
"HouseConstruction-050.pnml",26,18,51,0,26,18,"157658994636",2087626,22200,16651,684718,50,32,1041,1252,6.5,6.8,8
"HouseConstruction-100.pnml",26,18,51,0,26,18,,,,,,,32,1041,1252,6.5,6.8,56
"HouseConstruction-200.pnml",26,18,51,0,26,18,,,,,,,32,1041,1252,6.5,6.8,56
"HouseConstruction-500.pnml",26,18,51,0,26,18,,,,,,,32,1041,1252,6.5,6.8,56
"IBM319.pnml",253,178,526,0,253,178,"2482",1171,1008,1222,547,1,161,16673,19896,10.2,10.9,48
"IBM319.pnml",253,178,526,0,253,178,"61",415,168,521,198,1,161,16673,19896,10.2,10.9,8
"IBM5964.pnml",263,139,541,0,263,139,"15546",881,499,971,441,5,136,20372,23531,11,11.6,48
"IBM5964.pnml",263,139,541,0,263,139,,,,,,,136,20372,23531,11,11.6,3
"IBM5964.pnml",263,139,541,0,263,139,"2",295,20,152,38,1,136,20372,23531,11,11.6,5
"IBM703.pnml",262,284,572,0,262,284,"8370",1192,1144,1432,860,1,269,20224,25679,10.64,11.37,56
"IBMB2S565S3960.pnml",273,179,572,0,273,179,"15510635947410500",516339,8972,7377,8327,7,161,19171,22392,10.27,10.79,44
"IBMB2S565S3960.pnml",273,179,572,0,273,179,,,,,,,161,19171,22392,10.27,10.79,8
"IBMB2S565S3960.pnml",273,179,572,0,273,179,"2",294,24,88,26,1,161,19171,22392,10.27,10.79,4
"IOTP_c12m10p15d17.pnml",111,45,224,0,111,45,"92677131972792",1489974,9674,8137,11839,17,199,11935,13372,13.1,14.3,40
"IOTP_c12m10p15d17.pnml",111,45,224,0,111,45,"13",159,48,74,22,17,199,11935,13372,13.1,14.3,8
"IOTP_c12m10p15d17.pnml",111,45,224,0,111,45,,,,,,,199,11935,13372,13.1,14.3,8
"IOTP_c1m1p1d1.pnml",111,45,224,0,111,45,"2",115,4,52,11,1,199,11935,13372,13.1,14.3,8
"IOTP_c1m1p1d1.pnml",111,45,224,0,111,45,"204",629,446,568,177,1,199,11935,13372,13.1,14.3,48
"IOTP_c3m3p3d3.pnml",111,45,224,0,111,45,"354176",7062,1490,1404,754,3,199,11935,13372,13.1,14.3,48
"IOTP_c3m3p3d3.pnml",111,45,224,0,111,45,"4",123,12,56,13,3,199,11935,13372,13.1,14.3,8
"IOTP_c5m4p3d2.pnml",111,45,224,0,111,45,"17406024",18006,1977,1798,1180,5,199,11935,13372,13.1,14.3,48
"IOTP_c5m4p3d2.pnml",111,45,224,0,111,45,"6",131,20,60,15,5,199,11935,13372,13.1,14.3,8
"Kanban-1000.pnml",16,16,40,0,16,16,,,,,,,34,777,982,5.8,6,56
"Kanban-100.pnml",16,16,40,0,16,16,,,,,,,34,777,982,5.8,6,56
"Kanban-10.pnml",16,16,40,0,16,16,"1005927208",1166,1835,1540,67716,10,34,777,982,5.8,6,56
"Kanban-200.pnml",16,16,40,0,16,16,,,,,,,34,777,982,5.8,6,56
"Kanban-20.pnml",16,16,40,0,16,16,"805422366595",5516,5970,5040,1532916,20,34,777,982,5.8,6,56
"Kanban-500.pnml",16,16,40,0,16,16,,,,,,,34,777,982,5.8,6,56
"Kanban-50.pnml",16,16,40,0,16,16,,,,,,,34,777,982,5.8,6,20
"Kanban-50.pnml",16,16,40,0,16,16,"10425941194901300",57766,32175,27540,120753516,50,34,777,982,5.8,6,36
"Kanban-5.pnml",16,16,40,0,16,16,"2546432",316,630,540,4116,5,34,777,982,5.8,6,56
"lamport_fmea-2.pnml",69,96,402,0,69,96,"380",888,344,723,409,1,321,43283,48703,33.8,36.2,56
"lamport_fmea-3.pnml",100,156,664,0,100,156,"19742",7392,678,1274,781,1,549,114468,124691,46.1,49.6,56
"lamport_fmea-4.pnml",135,230,990,0,135,230,"1914784",69180,1120,1981,1293,1,831,243608,263742,58.59,62.91,56
"lamport_fmea-5.pnml",174,318,1380,0,174,318,"530682432",700860,1670,2840,2015,1,1166,458017,492352,71.5,76.5,52
"lamport_fmea-5.pnml",174,318,1380,0,174,318,,,,,,,1166,458017,492352,71.5,76.5,4
"lamport_fmea-6.pnml",217,420,1834,0,217,420,,,,,,,1556,795754,849166,84.44,90.07,56
"lamport_fmea-7.pnml",264,536,2352,0,264,536,,,,,,,2000,1276119,1354546,96.71,103,56
"lamport_fmea-8.pnml",315,666,2934,0,315,666,,,,,,,2498,1945610,2055524,109,115.9,56
"MAPK-160.pnml",22,30,90,0,22,30,,,,,,,35,1889,2555,8.31,8.57,56
"MAPK-20.pnml",22,30,90,0,22,30,"88125763956",4507,7255,5980,19605,20,35,1889,2555,8.31,8.57,56
"MAPK-320.pnml",22,30,90,0,22,30,,,,,,,35,1889,2555,8.31,8.57,56
"MAPK-40.pnml",22,30,90,0,22,30,"478293389221095",24492,25435,20770,128280,40,35,1889,2555,8.31,8.57,50
"MAPK-40.pnml",22,30,90,0,22,30,,,,,,,35,1889,2555,8.31,8.57,6
"MAPK-80.pnml",22,30,90,0,22,30,,,,,,,35,1889,2555,8.31,8.57,20
"MAPK-80.pnml",22,30,90,0,22,30,"5634903909420420096",155462,94570,77050,921930,80,35,1889,2555,8.31,8.57,36
"MAPK-8.pnml",22,30,90,0,22,30,"6110643",668,1591,1378,2112,8,35,1889,2555,8.31,8.57,56
"MultiwaySync.pnml",222,472,1496,222,222,472,"52595997309385097216",1843,2228,1476,1476,1,1727,691636,750554,60.19,65.94,54
"MultiwaySync.pnml",222,472,1496,222,222,472,,,,,,,1727,691636,750554,60.19,65.94,2
"neoelection-2.unf.pnml",438,357,1998,0,,,,,,,,,2565,832640,906518,80.73,89.47,56
"neoelection-3.unf.pnml",972,1016,5840,0,,,,,,,,,7263,5301469,5652262,136.8,152,56
"neoelection-4.unf.pnml",1830,2340,13565,0,,,,,,,,,16584,24888500,26124716,228.4,254.51,56
"neoelection-5.unf.pnml",3090,4674,27162,0,,,,,,,,,32853,97948803,102132190,351.05,394.57,56
"neoelection-6.unf.pnml",4830,8435,49028,0,,,,,,,,,58863,323978552,335264622,536.46,611.4,56
"neoelection-7.unf.pnml",7128,14112,81968,0,,,,,,,,,97876,933055714,960957326,799.31,,39
"neoelection-7.unf.pnml",7128,14112,81968,0,,,,,,,,,97876,933055714,960957326,,,17
"neoelection-8.unf.pnml",10062,22266,129195,0,,,,,,,,,153619,2468116388,2529775705,,,56
"open_system_0.pnml",198,176,730,0,198,176,"179",1431,560,1241,569,1,558,55863,65035,21.4,24,6
"open_system_0.pnml",198,176,730,0,198,176,"2776936",3577,1250,1670,911,1,558,55863,65035,21.4,24,48
"open_system_0.pnml",198,176,730,0,198,176,,,,,,,558,55863,65035,21.4,24,2
"parking_1_4.pnml",65,97,284,65,65,97,"31745",657,407,275,260,1,326,20705,24375,23.5,25.1,56
"parking_2_8.pnml",137,201,593,137,137,201,"4567597057",1246,848,571,542,1,610,62635,70725,24.9,27.1,56
"parking_4_16.pnml",305,433,1289,,,,,,,,,,,,,,,56
"parking_4_32.pnml",529,785,2329,,,,,,,,,,,,,,,56
"parking_8_32.pnml",737,993,2993,,,,,,,,,,,,,,,56
"parking_8_64.pnml",1185,1697,5073,,,,,,,,,,,,,,,56
"Peterson-2.pnml",102,126,384,0,102,126,"20754",3569,672,868,594,1,424,38354,45564,34.2,37.4,56
"Peterson-3.pnml",244,332,1016,0,244,332,"3407946",98600,1768,2290,1608,1,1226,314117,359473,91.35,100.7,56
"Peterson-4.pnml",480,690,2120,0,480,690,,,,,,,2743,1148012,1260382,126.5,133,56
"Peterson-5.pnml",834,1242,3828,0,834,1242,,,,,,,4915,3513362,3852541,211,224.5,56
"Peterson-6.pnml",1330,2030,6272,0,1330,2030,,,,,,,7650,8262952,8875588,248.3,260.5,56
"Peterson-7.pnml",1992,3096,9584,0,1992,3096,,,,,,,12456,19797163,21140467,335.75,357.41,56
"philo_dyn-10-unfolded.pnml",170,2310,18190,0,170,2310,,,,,,,17337,147100282,155852790,742.43,785.01,56
"philo_dyn-20-unfolded.pnml",540,17220,140780,0,,,,,,,,,133446,8846617345,8972901597,,,56
"philo_dyn-3-unfolded.pnml",30,84,564,0,30,84,,,,,,,528,135297,151771,64.5,70.6,56
"Philosophers-10000.pnml",50000,50000,160000,0,,,,,,,,,43,5368211,7304359,,,56
"Philosophers-1000.pnml",5000,5000,16000,0,5000,5000,"Inf",33360,32000,44233,28000,1,58,539629,702609,11.686,11.889,52
"Philosophers-1000.pnml",5000,5000,16000,0,5000,5000,,,,,,,58,539629,702609,11.686,11.889,4
"Philosophers-100.pnml",500,500,1600,0,500,500,"5.15377520732011e+47",3178,3200,4402,2800,1,43,53295,72532,12.91,13.06,56
"Philosophers-10.pnml",50,50,160,0,50,50,"59049",295,320,441,280,1,43,5119,6902,12.3,12.5,56
"Philosophers-2000.pnml",10000,10000,32000,0,10000,10000,"Inf",66773,64000,88468,56000,1,58,1080994,1409117,11.694,11.899,52
"Philosophers-2000.pnml",10000,10000,32000,0,10000,10000,,,,,,,58,1080994,1409117,11.694,11.899,4
"Philosophers-200.pnml",1000,1000,3200,0,1000,1000,"2.65613988875875e+95",6375,6400,8802,5600,1,43,107161,145704,12.97,13.11,52
"Philosophers-200.pnml",1000,1000,3200,0,1000,1000,,,,,,,43,107161,145704,12.97,13.11,4
"Philosophers-20.pnml",100,100,320,0,100,100,"3486784401",615,640,882,560,1,43,10394,14142,12.6,12.8,56
"Philosophers-5000.pnml",25000,25000,80000,0,,,,,,,,,45,2683726,3651843,,,56
"Philosophers-500.pnml",2500,2500,8000,0,2500,2500,"3.636029179587e+238",16679,16000,22119,14000,1,58,269546,350972,11.677,11.882,52
"Philosophers-500.pnml",2500,2500,8000,0,2500,2500,,,,,,,58,269546,350972,11.677,11.882,4
"Philosophers-50.pnml",250,250,800,0,250,250,"7.17897987691853e+23",1575,1600,2202,1400,1,41,26516,35059,12.25,12.39,56
"Philosophers-5.pnml",25,25,80,0,25,25,"243",135,160,222,140,1,45,2401,3210,11.5,11.9,56
"planning.pnml",126,128,652,0,,,,,,,,,597,60031,70297,31.8,34.2,56
"PolyORB-LF-S02-J04-T06-unfolded.pnml",476,920,4242,0,476,920,,,,,,,4758,3362852,3868465,219.6,231.1,56
"PolyORB-LF-S02-J04-T08-unfolded.pnml",614,1242,5732,0,614,1242,,,,,,,5500,5810953,6662741,259.6,271.8,56
"PolyORB-LF-S02-J04-T10-unfolded.pnml",752,1572,7262,0,752,1572,,,,,,,6433,10002668,11466880,369.2,390.7,56
"PolyORB-LF-S02-J06-T06-unfolded.pnml",536,1064,4866,0,536,1064,,,,,,,5252,5048891,5805417,281.8,303.8,56
"PolyORB-LF-S02-J06-T08-unfolded.pnml",690,1434,6564,0,690,1434,,,,,,,6879,8920907,10331421,369.5,397.1,56
"PolyORB-LF-S02-J06-T10-unfolded.pnml",844,1812,8302,0,844,1812,,,,,,,8491,12504919,14526135,409.85,437.03,56
"PolyORB-LF-S04-J04-T06-unfolded.pnml",554,2998,20754,0,554,2998,,,,,,,22330,193260006,197189542,417.61,442.88,56
"PolyORB-LF-S04-J04-T08-unfolded.pnml",712,4012,27744,0,712,4012,,,,,,,30477,347017668,356016857,641.98,687.58,56
"PolyORB-LF-S04-J04-T10-unfolded.pnml",870,5034,34774,0,870,5034,,,,,,,35662,554890842,572543705,1015.3,1110.8,56
"PolyORB-LF-S04-J06-T06-unfolded.pnml",618,3190,21570,0,618,3190,,,,,,,24037,199863020,207487636,642.45,728.73,56
"PolyORB-LF-S04-J06-T08-unfolded.pnml",792,4268,28832,0,792,4268,,,,,,,32337,356920936,368169597,744.13,789.64,56
"PolyORB-LF-S04-J06-T10-unfolded.pnml",966,5354,36134,0,966,5354,,,,,,,38969,556679935,571514997,828.09,866.74,56
"PolyORB-LF-S06-J04-T04-unfolded.pnml",454,6994,59152,0,454,6994,,,,,,,63384,1956969194,1967973210,328.67,358.9,56
"PolyORB-LF-S06-J04-T06-unfolded.pnml",632,10500,88770,0,,,,,,,,,94448,4402791942,4430777168,,,49
"PolyORB-LF-S06-J04-T06-unfolded.pnml",632,10500,88770,0,,,,,,,,,94448,4402791942,4430777168,559.7,,7
"PolyORB-LF-S06-J04-T08-unfolded.pnml",810,14014,118428,0,,,,,,,,,131207,7917473113,7963415089,,,56
"PolyORB-LF-S06-J06-T04-unfolded.pnml",506,7154,59824,0,506,7154,,,,,,,66796,1990950310,2005616397,570.75,600.56,56
"PolyORB-LF-S06-J06-T06-unfolded.pnml",700,10740,89778,0,,,,,,,,,97294,4499167665,4538105285,,,53
"PolyORB-LF-S06-J06-T06-unfolded.pnml",700,10740,89778,0,,,,,,,,,97294,4499167665,4538105285,948.438,,3
"PolyORB-LF-S06-J06-T08-unfolded.pnml",894,14334,119772,0,,,,,,,,,131672,7974513575,8046231767,,,56
"PolyORB-NT-S05-J20-unfolded.pnml",349,1210,8824,0,349,1210,,,,,,,9823,32912806,33960676,205.61,231.53,56
"PolyORB-NT-S05-J30-unfolded.pnml",489,1400,9764,0,489,1400,,,,,,,9631,34638953,36116751,258.6,280.24,56
"PolyORB-NT-S05-J40-unfolded.pnml",629,1590,10704,0,629,1590,,,,,,,10359,37610604,39700491,310.98,341.08,56
"PolyORB-NT-S05-J60-unfolded.pnml",909,1970,12584,0,909,1970,,,,,,,14721,50008150,54000856,614.28,646.09,56
"PolyORB-NT-S05-J80-unfolded.pnml",1189,2350,14464,0,1189,2350,,,,,,,13060,55525746,61072341,595.73,646.16,56
"PolyORB-NT-S10-J20-unfolded.pnml",474,11760,111119,0,,,,,,,,,122119,7169789272,7198142509,,,56
"PolyORB-NT-S10-J30-unfolded.pnml",664,12050,112559,0,,,,,,,,,123317,7198255949,7226146478,,,56
"PolyORB-NT-S10-J40-unfolded.pnml",854,12340,113999,0,,,,,,,,,126986,7247301386,7285609816,,,56
"PolyORB-NT-S10-J60-unfolded.pnml",1234,12920,116879,0,,,,,,,,,127212,7306352935,7356788196,,,56
"PolyORB-NT-S10-J80-unfolded.pnml",1614,13500,119759,0,,,,,,,,,134487,7488019290,7554739231,,,56
"ProductionCell.pnml",176,134,513,176,176,134,"3",341,30,229,126,1,653,83756,93743,36.3,37.7,3
"ProductionCell.pnml",176,134,513,176,176,134,"11329291100161",16311,718,502,1556,1,653,83756,93743,36.3,37.7,48
"ProductionCell.pnml",176,134,513,176,176,134,,,,,,,653,83756,93743,36.3,37.7,5
"QCertifProtocol_02-unfold.pnml",86,56,223,0,86,56,"2",93,10,28,8,1,184,16675,19576,18.6,19.4,5
"QCertifProtocol_02-unfold.pnml",86,56,223,0,86,56,"1029",2427,446,614,549,1,184,16675,19576,18.6,19.4,48
"QCertifProtocol_02-unfold.pnml",86,56,223,0,86,56,,,,,,,184,16675,19576,18.6,19.4,3
"QCertifProtocol_06-unfold.pnml",270,116,659,0,270,116,"2271960",375519,1773,2343,11511,3,595,150003,168131,39.86,42.3,48
"QCertifProtocol_06-unfold.pnml",270,116,659,0,270,116,"2",273,6,45,12,3,595,150003,168131,39.86,42.3,8
"QCertifProtocol_10-unfold.pnml",550,176,1287,0,550,176,,,,,,,1298,582545,638933,62.76,67.25,48
"QCertifProtocol_10-unfold.pnml",550,176,1287,0,550,176,"1",550,0,935,88,6,1298,582545,638933,62.76,67.25,8
"QCertifProtocol_18-unfold.pnml",1398,296,3119,0,1398,296,,,,,,,2712,3720285,3978693,122.4,131.5,48
"QCertifProtocol_18-unfold.pnml",1398,296,3119,0,1398,296,"1",1398,0,1641,94,10,2712,3720285,3978693,122.4,131.5,8
"QCertifProtocol_22-unfold.pnml",1966,356,4323,0,1966,356,,,,,,,3606,6909108,7438560,163.7,178.6,40
"QCertifProtocol_22-unfold.pnml",1966,356,4323,0,1966,356,"1",1966,0,2309,105,13,3606,6909108,7438560,163.7,178.6,8
"QCertifProtocol_22-unfold.pnml",1966,356,4323,0,1966,356,"2",2110,50,189,13,13,3606,6909108,7438560,163.7,178.6,8
"QCertifProtocol_28-unfold.pnml",2998,446,6489,0,2998,446,"1",2998,0,2176,70,16,5608,16577057,17568340,190,203.8,8
"QCertifProtocol_28-unfold.pnml",2998,446,6489,0,2998,446,,,,,,,5608,16577057,17568340,190,203.8,45
"QCertifProtocol_28-unfold.pnml",2998,446,6489,0,2998,446,"2",3057,62,166,11,16,5608,16577057,17568340,190,203.8,3
"QCertifProtocol_32-unfold.pnml",3806,506,8173,0,3806,506,,,,,,,8964,26305946,27517967,199.75,220.39,40
"QCertifProtocol_32-unfold.pnml",3806,506,8173,0,3806,506,"2",3874,70,110,6,19,8964,26305946,27517967,199.75,220.39,8
"QCertifProtocol_32-unfold.pnml",3806,506,8173,0,3806,506,"1",3806,0,2312,66,19,8964,26305946,27517967,199.75,220.39,8
"raft_02.pnml",28,52,159,28,28,52,"7381",213,211,156,156,1,153,11206,12761,16.9,18,56
"raft_03.pnml",53,98,328,53,53,98,"33819621",1270,434,320,320,1,347,42679,47520,28.2,29.7,56
"raft_04.pnml",88,160,563,88,88,160,"2965858466581",6613,745,548,548,1,575,121201,135332,44,47,56
"raft_05.pnml",133,238,864,133,133,238,"5937946479402210304",29673,1144,840,840,1,917,277179,306471,64.26,69.32,56
"raft_06.pnml",188,332,1231,188,188,332,"2.9094385723768e+26",110145,1631,1196,1196,1,1335,529427,579384,78.68,83.82,44
"raft_06.pnml",188,332,1231,188,188,332,,,,,,,1335,529427,579384,78.68,83.82,12
"raft_07.pnml",253,442,1664,253,253,442,,,,,,,1881,969701,1062166,102.7,110.3,28
"raft_07.pnml",253,442,1664,253,253,442,"3.55265029627049e+35",659990,2206,1616,1616,1,1881,969701,1062166,102.7,110.3,28
"raft_08.pnml",328,568,2163,328,328,568,,,,,,,2505,1639214,1782118,117.4,125.1,54
"raft_08.pnml",328,568,2163,328,328,568,"1.08420149192077e+46",1854674,2869,2100,2100,1,2505,1639214,1782118,117.4,125.1,2
"raft_09.pnml",413,710,2728,413,413,710,,,,,,,3178,2599401,2847065,151.4,163.9,56
"raft_10.pnml",508,868,3359,508,508,868,,,,,,,3924,3868307,4208500,165.5,178.9,56
"railroad-005-pt.pnml",68,56,313,0,,,,,,,,,403,41776,47445,34.2,38.2,56
"railroad-010-pt.pnml",118,156,898,0,,,,,,,,,942,285137,311414,73.68,80.97,56
"railroad-020-pt.pnml",218,506,2968,0,,,,,,,,,3114,3063779,3198038,126.4,133.9,56
"railroad-050-pt.pnml",518,2756,16378,0,,,,,,,,,16700,110383336,112204476,268.95,275.41,56
"railroad-100-pt.pnml",1018,10506,62728,0,,,,,,,,,63681,1563541711,1587555913,1016.8,1064.9,56
"RAS-C-100.pnml",600,400,1794,0,600,400,"1.41951197160194e+57",5369,3588,6266,5336,1,34,46485,64527,9.302,9.369,44
"RAS-C-100.pnml",600,400,1794,0,600,400,"2",602,4,4,2,1,34,46485,64527,9.302,9.369,8
"RAS-C-100.pnml",600,400,1794,0,600,400,,,,,,,34,46485,64527,9.302,9.369,4
"RAS-C-10.pnml",60,40,174,0,60,40,"823552",509,348,596,476,1,34,4365,5937,8.79,8.93,48
"RAS-C-10.pnml",60,40,174,0,60,40,"2",62,4,4,2,1,34,4365,5937,8.79,8.93,8
"RAS-C-15.pnml",90,60,264,0,90,60,"578878464",768,528,908,746,1,34,6705,9192,8.98,9.1,48
"RAS-C-15.pnml",90,60,264,0,90,60,"2",92,4,4,2,1,34,6705,9192,8.98,9.1,8
"RAS-C-20.pnml",120,80,354,0,120,80,"406454747136",1049,708,1226,1016,1,34,9045,12447,9.08,9.18,48
"RAS-C-20.pnml",120,80,354,0,120,80,"2",122,4,4,2,1,34,9045,12447,9.08,9.18,8
"RAS-C-3.pnml",18,12,48,0,18,12,"92",55,96,132,98,1,35,1376,1597,8.3,8.7,48
"RAS-C-3.pnml",18,12,48,0,18,12,,,,,,,35,1376,1597,8.3,8.7,5
"RAS-C-3.pnml",18,12,48,0,18,12,"2",21,6,9,3,1,35,1376,1597,8.3,8.7,3
"RAS-C-50.pnml",300,200,894,0,300,200,"4.87175380081244e+28",2669,1788,3116,2636,1,34,23085,31977,9.246,9.322,48
"RAS-C-50.pnml",300,200,894,0,300,200,"2",302,4,4,2,1,34,23085,31977,9.246,9.322,8
"RAS-C-5.pnml",30,20,84,0,30,20,"1200",228,168,278,206,1,34,2025,2682,8.2,8.4,48
"RAS-C-5.pnml",30,20,84,0,30,20,"2",32,4,4,2,1,34,2025,2682,8.2,8.4,8
"RAS-R-100.pnml",400,202,1000,0,400,202,"6.46501806116397e+31",1391,2000,2598,1596,1,22,22602,28171,7.402,7.443,44
"RAS-R-100.pnml",400,202,1000,0,400,202,,,,,,,22,22602,28171,7.402,7.443,9
"RAS-R-100.pnml",400,202,1000,0,400,202,"2",403,6,6,2,1,22,22602,28171,7.402,7.443,3
"RAS-R-10.pnml",40,22,100,0,40,22,"6144",131,200,258,156,1,22,2172,2701,7.09,7.19,48
"RAS-R-10.pnml",40,22,100,0,40,22,,,,,,,22,2172,2701,7.09,7.19,3
"RAS-R-10.pnml",40,22,100,0,40,22,"2",43,6,6,2,1,22,2172,2701,7.09,7.19,5
"RAS-R-15.pnml",60,32,150,0,60,32,"278528",201,300,388,236,1,22,3307,4116,7.2,7.29,48
"RAS-R-15.pnml",60,32,150,0,60,32,,,,,,,22,3307,4116,7.2,7.29,5
"RAS-R-15.pnml",60,32,150,0,60,32,"2",63,6,6,2,1,22,3307,4116,7.2,7.29,3
"RAS-R-20.pnml",80,42,200,0,80,42,"11534336",271,400,518,316,1,22,4442,5531,7.26,7.33,48
"RAS-R-20.pnml",80,42,200,0,80,42,"2",83,6,6,2,1,22,4442,5531,7.26,7.33,4
"RAS-R-20.pnml",80,42,200,0,80,42,,,,,,,22,4442,5531,7.26,7.33,4
"RAS-R-2.pnml",8,6,20,0,8,6,"8",19,40,50,28,1,21,356,437,5.8,6,56
"RAS-R-3.pnml",12,8,30,0,12,8,"20",33,60,76,44,1,22,583,720,6.3,6.5,48
"RAS-R-3.pnml",12,8,30,0,12,8,,,,,,,22,583,720,6.3,6.5,4
"RAS-R-3.pnml",12,8,30,0,12,8,"2",15,6,6,2,1,22,583,720,6.3,6.5,4
"RAS-R-50.pnml",200,102,500,0,200,102,"2",203,6,6,2,1,22,11252,14021,7.37,7.42,5
"RAS-R-50.pnml",200,102,500,0,200,102,"29273397577908200",691,1000,1298,796,1,22,11252,14021,7.37,7.42,48
"RAS-R-50.pnml",200,102,500,0,200,102,,,,,,,22,11252,14021,7.37,7.42,3
"RAS-R-5.pnml",20,12,50,0,20,12,"112",61,100,128,76,1,22,1037,1286,6.7,6.9,48
"RAS-R-5.pnml",20,12,50,0,20,12,"2",23,6,6,2,1,22,1037,1286,6.7,6.9,4
"RAS-R-5.pnml",20,12,50,0,20,12,,,,,,,22,1037,1286,6.7,6.9,4
"ring.pnml",139,87,410,0,139,87,"902651904000",4834,772,1081,751,1,313,38500,44722,27.3,29.5,48
"ring.pnml",139,87,410,0,139,87,"2",146,6,25,7,1,313,38500,44722,27.3,29.5,8
"rwmutex-r1000w10.pnml",3020,2020,26040,0,3020,2020,,,,,,,31035,327644880,328328688,47.784,47.887,53
"rwmutex-r1000w10.pnml",3020,2020,26040,0,3020,2020,"2",3023,12,12,4,1,31035,327644880,328328688,47.784,47.887,3
"rwmutex-r100w10.pnml",320,220,2640,0,320,220,,,,,,,3142,3468347,3557054,56.65,58.1,49
"rwmutex-r100w10.pnml",320,220,2640,0,320,220,"2",323,12,12,4,1,3142,3468347,3557054,56.65,58.1,7
"rwmutex-r10w1000.pnml",2030,2020,24060,0,2030,2020,"2024",8200,48120,68122,2050060,1,28071,337936515,344527962,640.3,681.54,48
"rwmutex-r10w1000.pnml",2030,2020,24060,0,2030,2020,"2",2033,12,12,4,1,28071,337936515,344527962,640.3,681.54,3
"rwmutex-r10w1000.pnml",2030,2020,24060,0,2030,2020,,,,,,,28071,337936515,344527962,640.3,681.54,5
"rwmutex-r10w100.pnml",230,220,2460,0,230,220,"1124",883,4920,6922,205060,1,2883,3690088,3807313,121.8,134.1,48
"rwmutex-r10w100.pnml",230,220,2460,0,230,220,,,,,,,2883,3690088,3807313,121.8,134.1,6
"rwmutex-r10w100.pnml",230,220,2460,0,230,220,"2",233,12,12,4,1,2883,3690088,3807313,121.8,134.1,2
"rwmutex-r10w10.pnml",50,40,300,0,50,40,"1034",432,600,804,20560,1,334,57847,65086,41.1,45,48
"rwmutex-r10w10.pnml",50,40,300,0,50,40,,,,,,,334,57847,65086,41.1,45,5
"rwmutex-r10w10.pnml",50,40,300,0,50,40,"2",53,12,12,4,1,334,57847,65086,41.1,45,3
"rwmutex-r10w2000.pnml",4030,4020,48060,0,4030,4020,,,,,,,56083,1295495528,1316329783,807.52,857.81,16
"rwmutex-r10w2000.pnml",4030,4020,48060,0,4030,4020,"3024",21592,96120,136126,4100060,1,56083,1295495528,1316329783,807.52,857.81,36
"rwmutex-r10w2000.pnml",4030,4020,48060,0,4030,4020,"2",4033,12,12,4,1,56083,1295495528,1316329783,807.52,857.81,4
"rwmutex-r10w20.pnml",70,60,540,0,70,60,"1044",1006,1080,1488,41060,1,646,187098,206308,66,72.1,48
"rwmutex-r10w20.pnml",70,60,540,0,70,60,"2",73,12,12,4,1,646,187098,206308,66,72.1,3
"rwmutex-r10w20.pnml",70,60,540,0,70,60,,,,,,,646,187098,206308,66,72.1,5
"rwmutex-r10w500.pnml",1030,1020,12060,0,1030,1020,"1524",229089,24120,34068,1025060,1,12321,84621105,89906649,1075.3,1218.9,48
"rwmutex-r10w500.pnml",1030,1020,12060,0,1030,1020,"2",1033,12,12,4,1,12321,84621105,89906649,1075.3,1218.9,6
"rwmutex-r10w500.pnml",1030,1020,12060,0,1030,1020,,,,,,,12321,84621105,89906649,1075.3,1218.9,2
"rwmutex-r10w50.pnml",130,120,1260,0,130,120,"1074",2614,2520,3472,102560,1,1291,970317,1065621,133.8,147.5,48
"rwmutex-r10w50.pnml",130,120,1260,0,130,120,,,,,,,1291,970317,1065621,133.8,147.5,5
"rwmutex-r10w50.pnml",130,120,1260,0,130,120,"2",133,12,12,4,1,1291,970317,1065621,133.8,147.5,3
"rwmutex-r2000w10.pnml",6020,4020,52040,0,6020,4020,,,,,,,62031,1305794592,1307137220,46.517,46.596,51
"rwmutex-r2000w10.pnml",6020,4020,52040,0,6020,4020,"2",6023,12,12,4,1,62031,1305794592,1307137220,46.517,46.596,5
"rwmutex-r20w10.pnml",80,60,560,0,80,60,"1048586",1608,1120,1550,20971660,1,660,177382,195512,46.9,49.1,48
"rwmutex-r20w10.pnml",80,60,560,0,80,60,,,,,,,660,177382,195512,46.9,49.1,4
"rwmutex-r20w10.pnml",80,60,560,0,80,60,"2",83,12,12,4,1,660,177382,195512,46.9,49.1,4
"rwmutex-r500w10.pnml",1520,1020,13040,0,1520,1020,,,,,,,15510,83081929,83437090,63.371,70.846,52
"rwmutex-r500w10.pnml",1520,1020,13040,0,1520,1020,"2",1523,12,12,4,1,15510,83081929,83437090,63.371,70.846,4
"SafeBus-03-unfolded.pnml",57,91,541,0,57,91,"4650",5117,812,1668,1592,1,498,82030,95131,41,42.9,56
"SafeBus-06-unfolded.pnml",144,451,2968,0,144,451,,,,,,,2603,2473924,2681222,144.9,149.1,20
"SafeBus-06-unfolded.pnml",144,451,2968,0,144,451,"6816756",723331,4424,9651,10073,1,2603,2473924,2681222,144.9,149.1,36
"SafeBus-10-unfolded.pnml",316,1631,11384,0,316,1631,,,,,,,10495,39251013,42880257,519.33,580.97,56
"SafeBus-15-unfolded.pnml",621,4771,34549,0,621,4771,,,,,,,31875,381402908,406263989,1207.2,1357.5,56
"SafeBus-20-unfolded.pnml",1026,10461,77364,0,1026,10461,,,,,,,70795,1977637416,2074864510,2198.6,2467.1,47
"SafeBus-20-unfolded.pnml",1026,10461,77364,0,,,,,,,,,70795,1977637416,2074864510,2198.6,,9
"sg-10-5-10.pnml",1380,1640,6560,0,1380,1640,,,,,,,650,1736217,2079258,82.4,89.05,56
"sg-13-6-13.pnml",2301,2756,11024,0,2301,2756,,,,,,,851,3817098,4589180,107.71,116.37,56
"sg-2-1-2.pnml",68,72,288,0,68,72,"2085423232578",5924,2936,2704,3616,6,150,15297,19703,18.7,19.7,52
"sg-2-1-2.pnml",68,72,288,0,68,72,,,,,,,150,15297,19703,18.7,19.7,4
"sg-4-2-4.pnml",240,272,1088,0,240,272,,,,,,,300,113924,135389,32.9,35.39,56
"sg-8-4-8.pnml",896,1056,4224,0,896,1056,,,,,,,528,890040,1061975,65.65,70.95,56
"shared_memory-pt-100.pnml",10301,20100,80000,0,,,,,,,,,110178,4080787280,4241339788,1986.37,,31
"shared_memory-pt-100.pnml",10301,20100,80000,0,,,,,,,,,110178,4080787280,4241339788,,,25
"shared_memory-pt-10.pnml",131,210,800,0,131,210,"1830519",30896,1580,2166,1380,1,1099,415731,473744,100.7,108.1,56
"shared_memory-pt-200.pnml",40601,80200,320000,0,,,,,,,,,,,,,,56
"shared_memory-pt-20.pnml",461,820,3200,0,461,820,,,,,,,4402,6779439,7395922,277.5,293.2,56
"shared_memory-pt-50.pnml",2651,5050,20000,0,2651,5050,,,,,,,27573,217229256,227607171,590.12,609.42,56
"shared_memory-pt-5.pnml",41,55,200,0,41,55,"1863",464,390,539,340,1,257,23334,27708,34.3,37.2,56
"simple_lbs-10.pnml",104,605,4148,0,104,605,"406034376",406884,4532,12499,15910,1,4401,7839931,8155972,138.5,144,43
"simple_lbs-10.pnml",104,605,4148,0,104,605,,,,,,,4401,7839931,8155972,138.5,144,13
"simple_lbs-15.pnml",149,1280,8988,0,149,1280,,,,,,,9585,37063912,37968784,192.6,200,56
"simple_lbs-20.pnml",194,2205,15678,0,194,2205,,,,,,,16680,112293389,114291717,247.49,257.14,56
"simple_lbs-2.pnml",32,45,252,0,32,45,"832",842,436,894,766,1,261,25435,29194,30.3,33.1,56
"simple_lbs-5.pnml",59,180,1158,0,59,180,"116176",8647,1428,3727,4437,1,1245,614299,662526,75.62,79.4,56
"soli0_counter_square5.pnml",51,84,540,0,51,84,,,,,,,634,109910,130921,47.3,49.2,50
"soli0_counter_square5.pnml",51,84,540,0,51,84,"174458198",6259561,4760,8486,13574,24,634,109910,130921,47.3,49.2,6
"soli0_square5.pnml",50,84,456,0,50,84,"16098428",81711,912,920,576,1,284,57572,72959,42.6,44.6,56
"soli1_counter.pnml",67,76,532,0,67,76,,,,,,,624,111095,129536,49.7,53.7,56
"soli1.pnml",66,76,456,0,66,76,"187636299",4066413,912,912,608,1,353,59733,74043,42.2,45.1,22
"soli1.pnml",66,76,456,0,66,76,,,,,,,353,59733,74043,42.2,45.1,34
"soli2_counter.pnml",75,92,644,0,75,92,,,,,,,760,170687,195172,62.2,68.1,56
"soli2.pnml",74,92,552,0,74,92,,,,,,,344,83082,103838,48.8,51.3,56
"SwimmingPool-10.pnml",9,7,20,0,9,7,"22283226",208059,32500,21820,197657,200,17,351,477,6.7,7,4
"SwimmingPool-10.pnml",9,7,20,0,9,7,,,,,,,17,351,477,6.7,7,52
"SwimmingPool-1.pnml",9,7,20,0,9,7,"89621",6729,1705,1365,5327,20,17,351,477,6.7,7,48
"SwimmingPool-1.pnml",9,7,20,0,9,7,"3861",714,550,400,572,20,17,351,477,6.7,7,5
"SwimmingPool-1.pnml",9,7,20,0,9,7,,,,,,,17,351,477,6.7,7,3
"SwimmingPool-2.pnml",9,7,20,0,9,7,"46046",3219,1700,1180,2737,40,17,351,477,6.7,7,4
"SwimmingPool-2.pnml",9,7,20,0,9,7,"3408031",62174,6035,4735,35247,40,17,351,477,6.7,7,48
"SwimmingPool-2.pnml",9,7,20,0,9,7,,,,,,,17,351,477,6.7,7,4
"SwimmingPool-3.pnml",9,7,20,0,9,7,"32209356",254594,12990,10130,111267,60,17,351,477,6.7,7,48
"SwimmingPool-3.pnml",9,7,20,0,9,7,,,,,,,17,351,477,6.7,7,5
"SwimmingPool-3.pnml",9,7,20,0,9,7,"210056",8524,3450,2360,7502,60,17,351,477,6.7,7,3
"SwimmingPool-4.pnml",9,7,20,0,9,7,"164385221",718489,22570,17550,254887,80,17,351,477,6.7,7,38
"SwimmingPool-4.pnml",9,7,20,0,9,7,,,,,,,17,351,477,6.7,7,16
"SwimmingPool-4.pnml",9,7,20,0,9,7,"629391",17629,5800,3940,15867,80,17,351,477,6.7,7,2
"SwimmingPool-5.pnml",9,7,20,0,9,7,"591371001",1634609,34775,26995,487607,100,17,351,477,6.7,7,28
"SwimmingPool-5.pnml",9,7,20,0,9,7,,,,,,,17,351,477,6.7,7,25
"SwimmingPool-5.pnml",9,7,20,0,9,7,"1487551",31534,8750,5920,28832,100,17,351,477,6.7,7,3
"SwimmingPool-6.pnml",9,7,20,0,9,7,"1697442696",3229954,49605,38465,830927,120,17,351,477,6.7,7,28
"SwimmingPool-6.pnml",9,7,20,0,9,7,,,,,,,17,351,477,6.7,7,26
"SwimmingPool-6.pnml",9,7,20,0,9,7,"3018036",51239,12300,8300,47397,120,17,351,477,6.7,7,2
"SwimmingPool-7.pnml",9,7,20,0,9,7,,,,,,,17,351,477,6.7,7,44
"SwimmingPool-7.pnml",9,7,20,0,9,7,"5504346",77744,16450,11080,72562,140,17,351,477,6.7,7,4
"SwimmingPool-7.pnml",9,7,20,0,9,7,"4160404431",5777774,67060,51960,1306347,140,17,351,477,6.7,7,8
"SwimmingPool-8.pnml",9,7,20,0,9,7,,,,,,,17,351,477,6.7,7,50
"SwimmingPool-8.pnml",9,7,20,0,9,7,"9073666581",9597569,87140,67480,1935367,160,17,351,477,6.7,7,4
"SwimmingPool-8.pnml",9,7,20,0,9,7,"9279981",112049,21200,14260,105327,160,17,351,477,6.7,7,2
"SwimmingPool-9.pnml",9,7,20,0,9,7,"14728441",155154,26550,17840,146692,180,17,351,477,6.7,7,3
"SwimmingPool-9.pnml",9,7,20,0,9,7,,,,,,,17,351,477,6.7,7,50
"SwimmingPool-9.pnml",9,7,20,0,9,7,"18089714521",15055089,109845,85025,2739487,180,17,351,477,6.7,7,3
"TokenRing-10-unfolded.pnml",121,1111,4444,0,121,1111,"58905",3160,2040,8696,5838,1,2229,3173632,3615349,188.3,197.8,56
"TokenRing-15-unfolded.pnml",256,3616,14464,0,256,3616,"35357924",12893,5610,28201,18893,1,4683,25990527,29691452,442.82,470.63,52
"TokenRing-15-unfolded.pnml",256,3616,14464,0,256,3616,,,,,,,4683,25990527,29691452,442.82,470.63,4
"TokenRing-20-unfolded.pnml",441,8421,33684,0,441,8421,,,,,,,8214,106014401,121122800,801.72,837.57,7
"TokenRing-20-unfolded.pnml",441,8421,33684,0,441,8421,"24466267459",35043,11880,65811,43873,1,8214,106014401,121122800,801.72,837.57,49
"TokenRing-30-unfolded.pnml",961,27931,111724,0,,,,,,,,,20528,821309447,945896853,,,56
"TokenRing-40-unfolded.pnml",1681,65641,262564,0,,,,,,,,,38354,3536603754,4073916860,,,56
"TokenRing-50-unfolded.pnml",2601,127551,510204,0,,,,,,,,,57432,10743480117,12405775893,,,48
"TokenRing-50-unfolded.pnml",2601,127551,510204,0,,,,,,,,,,,,,,8
"TokenRing-5-unfolded.pnml",36,156,624,0,36,156,"166",475,420,1208,833,1,435,99905,116111,51.1,53.4,56
"unf-8x8-4stageSEN-01.pnml",168,592,3456,0,168,592,"52537",71327,6224,13547,9596,1,3155,3792638,3986841,102.3,110.4,56
"unf-8x8-4stageSEN-02.pnml",168,592,3456,0,168,592,,,,,,,3155,3792638,3986841,102.3,110.4,56
"unf-8x8-4stageSEN-05.pnml",168,592,3456,0,168,592,,,,,,,3155,3792638,3986841,102.3,110.4,56
"unf-8x8-4stageSEN-10.pnml",168,592,3456,0,168,592,,,,,,,3155,3792638,3986841,102.3,110.4,56
"unf-8x8-4stageSEN-20.pnml",168,592,3456,0,168,592,,,,,,,3155,3792638,3986841,102.3,110.4,56
"unf-8x8-4stageSEN-50.pnml",168,592,3456,0,168,592,,,,,,,3155,3792638,3986841,102.3,110.4,56
"UtahNoC.pnml",216,977,2905,216,216,977,"4759924249",26049,3794,2919,2877,1,3125,2896783,3112308,224.5,254.1,52
"UtahNoC.pnml",216,977,2905,216,216,977,,,,,,,3125,2896783,3112308,224.5,254.1,4
"Vasy2003.pnml",485,776,2809,485,485,776,"9.7947391476109e+21",55228,4038,2760,2694,1,3363,2204119,2325933,132.6,157.8,52
"Vasy2003.pnml",485,776,2809,485,485,776,,,,,,,3363,2204119,2325933,132.6,157.8,4
