filename,filetype,order,saturation,sat.granularity,timeAvg,timeSd,solvedCount,peak.nodes,timeBest,memBest,timeMark,memMark,minMemMark,minTimeMark,maxSolvedCount,minSd
2-10_phaseVariation,pnml,bfs-prev,sat-loop,1,0.173,0.0163639169,10,3723,0.169,3723,1.0236686391,1,1,1.0236686391,10,0.0163639169
2D8_gradient_10x10_10,pnml,chain,sat-like,1,1.458,0.1536807658,10,6490,1.458,6490,1,1,1,1,10,0.1536807658
2D8_gradient_10x10_100,pnml,chain,sat-like,1,1518.589,593.269528338,2,505000,1407.427,505000,1.0789824268,1,1,1.0789824268,2,593.269528338
2D8_gradient_10x10_50,pnml,chain-prev,sat-like,1,46.255,2.5242039449,10,130050,46.255,130050,1,1,1,1,10,2.5242039449
2D8_gradient_20x20_10,pnml,chain,sat-like,5,30.428,3.4427566474,10,26290,30.428,26290,1,1,1,1,10,3.4427566474
2D8_gradient_30x30_10,pnml,chain-prev,sat-like,5,145.011,14.225858654,10,59290,145.011,59290,1,1,1,1,10,14.225858654
2D8_gradient_40x40_10,pnml,chain-prev,sat-like,20,1515.954,598.8226788587,2,,1515.954,,1,,,1,2,598.8226788587
2D8_gradient_5x5_10,pnml,chain,sat-like,1,0.104,0.010749677,10,1540,0.104,1540,1,1,1,1,10,0.010749677
2D8_gradient_5x5_100,pnml,bfs-prev,sat-like,1,24.508,1.339517326,10,118675,24.508,118675,1,1,1,1,10,1.339517326
2D8_gradient_5x5_150,pnml,bfs-prev,sat-like,1,82.662,4.8565140676,10,264250,82.662,264250,1,1,1,1,10,4.8565140676
2D8_gradient_5x5_200,pnml,bfs-prev,sat-like,1,383.991,497.5642382302,9,,383.991,,1,,,1,9,497.5642382302
2D8_gradient_5x5_50,pnml,bfs-prev,sat-like,1,3.824,0.4392721252,10,30600,3.824,30600,1,1,1,1,10,0.4392721252
5-10_phaseVariation,pnml,bfs-prev,none,,86.703,2.2968676738,10,33456,39.695,33456,2.1842297519,1,1,2.1842297519,10,2.2968676738
adding.1,dve2C,chain-prev,sat-like,1,0.08,0.0066666667,10,3221,0.0636666667,3221,1.2565445026,1,1,1.2565445026,10,0.0066666667
adding.2,dve2C,chain-prev,sat-loop,2147483647,29.8251666667,2.796195655,60,376132,18.9783333333,376132,1.5715377185,1,1,1.5715377185,60,2.796195655
adding.3,dve2C,chain-prev,sat-loop,2147483647,95.4528333333,6.8456033377,60,864201,60.235,864201,1.5846739161,1,1,1.5846739161,60,6.8456033377
adding.4,dve2C,chain-prev,sat-loop,2147483647,217.586,7.2280792394,60,1558102,134.987,1558102,1.6119033685,1,1,1.6119033685,60,7.2280792394
adding.5,dve2C,chain-prev,sat-loop,2147483647,1406.8636666667,630.5374476681,17,2448215,977.3458333333,2448215,1.4394737448,1,1,1.4394737448,17,630.5374476681
adding.6,dve2C,bfs-prev,sat-loop,1,1263.272,692.9253096803,4,4164989,1263.272,4164989,1,1,1,1,4,692.9253096803
afcs_01_a,pnml,chain-prev,sat-like,5,0.012,0.0063245553,10,155,0.011,155,1.0909090909,1,1,1.0909090909,10,0.0063245553
afcs_01_b,pnml,chain,sat-like,10,0.792,0.0187379591,10,6057,0.781,6057,1.014084507,1,1,1.014084507,10,0.0187379591
afcs_02_a,pnml,chain,sat-like,1,0.025,0.0052704628,10,407,0.025,407,1,1,1,1,10,0.0052704628
afcs_02_b,pnml,chain-prev,sat-like,40,31.739,0.9316586165,10,103841,26.645,103841,1.191180334,1,1,1.191180334,10,0.9316586165
afcs_03_a,pnml,chain,sat-like,5,0.185,0.0206827894,10,1310,0.185,1310,1,1,1,1,10,0.0206827894
afcs_03_b,pnml,chain-prev,sat-like,10,161.374,7.505567119,10,478648,133.895,478648,1.2052279771,1,1,1.2052279771,10,7.505567119
afcs_04_a,pnml,chain,sat-like,5,0.403,0.0249666444,10,3985,0.403,3985,1,1,1,1,10,0.0249666444
afcs_05_a,pnml,chain,sat-like,5,1.324,0.1562192192,10,5620,1.324,5620,1,1,1,1,10,0.1562192192
afcs_06_a,pnml,chain,sat-like,5,2.642,0.0862554346,10,23832,2.642,23832,1,1,1,1,10,0.0862554346
afcs_12_a,pnml,chain-prev,sat-like,1,6.437,0.4962313529,10,3793,6.437,3793,1,1,1,1,10,0.4962313529
afcs_24_a,pnml,chain-prev,sat-like,1,81.89,4.3684983436,10,12469,81.89,12469,1,1,1,1,10,4.3684983436
AirplaneLD-pt-0010,pnml,chain,sat-loop,20,0.033,0.008232726,10,455,0.033,455,1,1,1,1,10,0.008232726
AirplaneLD-pt-0020,pnml,chain-prev,sat-loop,20,0.105,0.0052704628,10,854,0.105,854,1,1,1,1,10,0.0052704628
AirplaneLD-pt-0050,pnml,chain,sat-loop,80,0.544,0.0236643191,10,2039,0.544,2039,1,1,1,1,10,0.0236643191
AirplaneLD-pt-0100,pnml,chain-prev,sat-loop,20,2.042,0.2017038533,10,4035,2.042,4035,1,1,1,1,10,0.2017038533
AirplaneLD-pt-0200,pnml,chain-prev,sat-loop,40,7.94,0.5867424194,10,7985,7.94,7985,1,1,1,1,10,0.5867424194
AirplaneLD-pt-0500,pnml,chain-prev,sat-loop,10,52.97,5.6297779708,10,19835,52.97,19835,1,1,1,1,10,5.6297779708
AirplaneLD-pt-1000,pnml,bfs-prev,sat-loop,40,1396.904,649.0473589329,3,,1396.904,,1,,,1,3,649.0473589329
anderson.1,dve2C,chain-prev,sat-loop,5,3.842,0.1230898497,10,40656,3.446,40656,1.1149158445,1,1,1.1149158445,10,0.1230898497
anderson.2,dve2C,chain-prev,sat-like,1,0.023,0.0067494856,10,588,0.023,588,1,1,1,1,10,0.0067494856
anderson.3,dve2C,bfs-prev,none,,1405.854,634.635621373,3,,1405.854,,1,,,1,3,634.635621373
anderson.4,dve2C,bfs-prev,sat-like,5,0.158,0.0289827535,10,2808,0.145,2808,1.0896551724,1,1,1.0896551724,10,0.0289827535
anderson.6,dve2C,bfs-prev,sat-loop,10,9.205,0.7454342508,10,56618,5.56,56618,1.6555755396,1,1,1.6555755396,10,0.7454342508
anderson.8,dve2C,bfs-prev,sat-like,5,46.6,1.6707682863,10,393528,35.278,393528,1.320936561,1,1,1.320936561,10,1.6707682863
angiogenesis-01,pnml,chain-prev,sat-like,5,0.025,0.0070710678,10,323,0.021,323,1.1904761905,1,1,1.1904761905,10,0.0070710678
angiogenesis-05,pnml,chain,sat-like,10,2.06,0.4058735435,10,17626,1.347,17626,1.5293244246,1,1,1.5293244246,10,0.4058735435
angiogenesis-10,pnml,bfs,sat-like,5,35.312,2.8335482271,10,229164,27.479,229164,1.2850540413,1,1,1.2850540413,10,2.8335482271
angiogenesis-15,pnml,chain,sat-like,5,404.542,490.3617340925,9,1269833,404.542,1269833,1,1,1,1,9,490.3617340925
at.1,dve2C,chain-prev,sat-loop,5,0.188,0.0103279556,10,2771,0.152,2771,1.2368421053,1,1,1.2368421053,10,0.0103279556
at.2,dve2C,chain-prev,sat-loop,5,0.238,0.0063245553,10,3414,0.205,3414,1.1609756098,1,1,1.1609756098,10,0.0063245553
at.3,dve2C,chain-prev,sat-like,1,2.707,0.0605621811,10,38612,2.707,38612,1,1,1,1,10,0.0605621811
at.4,dve2C,bfs-prev,sat-like,1,4.405,0.1687371394,10,51280,4.405,51280,1,1,1,1,10,0.1687371394
at.5,dve2C,chain-prev,sat-like,1,14.987,0.607674072,10,184322,14.987,184322,1,1,1,1,10,0.607674072
at.6,dve2C,chain-prev,sat-like,1,76.956,1.691608045,10,785836,76.956,785836,1,1,1,1,10,1.691608045
at.7,dve2C,chain-prev,sat-like,5,138.428,16.5186586757,10,1075423,109.442,1075423,1.264852616,1,1,1.264852616,10,16.5186586757
blocks.2,dve2C,bfs-prev,sat-loop,1,0.182,0.0091893658,10,2996,0.178,2996,1.0224719101,1,1,1.0224719101,10,0.0091893658
blocks.3,dve2C,chain-prev,sat-like,1,16.188,0.47837224,10,55595,14.005,55595,1.1558729025,1,1,1.1558729025,10,0.47837224
bopdp.1,dve2C,chain-prev,sat-like,1,0.226,0.0171269768,10,2497,0.226,2497,1,1,1,1,10,0.0171269768
bopdp.2,dve2C,bfs-prev,sat-like,1,0.328,0.020976177,10,1471,0.202,1471,1.6237623762,1,1,1.6237623762,10,0.020976177
bopdp.3,dve2C,chain-prev,sat-loop,10,0.943,0.2312790522,10,5322,0.801,5322,1.177278402,1,1,1.177278402,10,0.2312790522
bridge.1,dve2C,chain-prev,sat-like,2147483647,0.0874,0.0094350627,50,1527,0.0762,1527,1.1469816273,1,1,1.1469816273,50,0.0094350627
bridge.2,dve2C,chain-prev,sat-loop,2147483647,1.2325,0.0703744563,40,14585,1.08825,14585,1.1325522628,1,1,1.1325522628,40,0.0703744563
bridge.3,dve2C,bfs-prev,sat-loop,2147483647,4.51175,0.2921440416,40,54308,4.51175,54308,1,1,1,1,40,0.2921440416
BridgeAndVehicles-V04-P05-N02-unfolded,pnml,chain-prev,sat-like,1,0.125,0.0271825107,10,2966,0.125,2966,1,1,1,1,10,0.0271825107
BridgeAndVehicles-V10-P10-N10-unfolded,pnml,chain-prev,sat-like,1,15.698,2.6727422455,10,88471,13.087,88471,1.1995109651,1,1,1.1995109651,10,2.6727422455
BridgeAndVehicles-V20-P10-N10-unfolded,pnml,chain-prev,sat-like,5,198.418,11.5805707017,10,566212,198.418,566212,1,1,1,1,10,11.5805707017
BridgeAndVehicles-V20-P10-N20-unfolded,pnml,bfs-prev,sat-like,10,1692.452,340.0966377958,1,,1692.452,,1,,,1,1,340.0966377958
BridgeAndVehicles-V20-P20-N10-unfolded,pnml,bfs-prev,sat-like,1,1347.545,728.5382610749,3,562997,196.893,562997,6.8440472744,1,1,6.8440472744,3,728.5382610749
brp2.1,dve2C,bfs-prev,sat-loop,5,1.296,0.0313404247,10,27663,1.0235,27663,1.2662432829,1,1,1.2662432829,10,0.0313404247
brp2.2,dve2C,chain-prev,sat-like,1,1.8,0.040824829,10,39160,1.5995,39160,1.1253516724,1,1,1.1253516724,10,0.040824829
brp2.3,dve2C,bfs-prev,sat-loop,10,1.239,0.0185292561,10,26605,0.975,26605,1.2707692308,1,1,1.2707692308,10,0.0185292561
brp2.4,dve2C,bfs-prev,sat-loop,10,10.699,0.1922064862,10,187130,7.04625,187130,1.5183963101,1,1,1.5183963101,10,0.1922064862
brp2.5,dve2C,bfs-prev,sat-loop,10,7.326,0.1230356768,10,105382,4.84825,105382,1.511060692,1,1,1.511060692,10,0.1230356768
brp2.6,dve2C,bfs-prev,sat-loop,10,83.461,2.3676357171,10,863477,44.864,863477,1.8603111626,1,1,1.8603111626,10,2.3676357171
cambridge.1,dve2C,chain-prev,sat-loop,10,0.255,0.0690008051,10,2781,0.255,2781,1,1,1,1,10,0.0690008051
cambridge.2,dve2C,chain-prev,sat-loop,10,0.281,0.01197219,10,3399,0.281,3399,1,1,1,1,10,0.01197219
cambridge.3,dve2C,chain-prev,sat-loop,10,0.294,0.006992059,10,3737,0.267,3737,1.1011235955,1,1,1.1011235955,10,0.006992059
cambridge.4,dve2C,chain-prev,none,,0.962,0.0922315926,10,6545,0.852,6545,1.1291079812,1,1,1.1291079812,10,0.0922315926
cambridge.5,dve2C,chain-prev,sat-loop,20,9.143,0.1462152143,10,29227,9.143,29227,1,1,1,1,10,0.1462152143
cambridge.6,dve2C,bfs-prev,sat-like,1,43.082,1.3453690118,10,69647,43.082,69647,1,1,1,1,10,1.3453690118
cambridge.7,dve2C,chain-prev,sat-like,20,215.67,9.3212683925,10,141436,154.933,141436,1.3920210672,1,1,1.3920210672,10,9.3212683925
circadian_clock-000001,pnml,bfs-prev,sat-like,5,0.006,0.0051639778,10,36,0.005,36,1.2,1,1,1.2,10,0.0051639778
circadian_clock-000010,pnml,chain,sat-loop,10,0.025,0.0084983659,10,254,0.023,254,1.0869565217,1,1,1.0869565217,10,0.0084983659
circadian_clock-000100,pnml,chain,sat-loop,10,5.379,0.3310068814,10,6869,5.379,6869,1,1,1,1,10,0.3310068814
CircularTrain-012,pnml,chain,sat-loop,2147483647,0.0113333333,0.0068144539,30,279,0.007,279,1.619047619,1,1,1.619047619,30,0.0068144539
CircularTrain-024,pnml,chain,sat-like,40,0.088,0.0063245553,10,1319,0.057,1319,1.5438596491,1,1,1.5438596491,10,0.0063245553
CircularTrain-048,pnml,chain,sat-loop,80,2.179,0.1123931591,10,7749,0.638,7749,3.4153605016,1,1,3.4153605016,10,0.1123931591
CircularTrain-096,pnml,chain,sat-like,40,26.356,1.9316325853,10,55526,9.548,55526,2.7603686636,1,1,2.7603686636,10,1.9316325853
CircularTrain-192,pnml,chain,sat-like,10,393.38,494.3447662872,9,497050,369.13,497050,1.0656950126,1,1,1.0656950126,9,494.3447662872
closed_system1,pnml,chain-prev,sat-loop,40,1.51,0.1913112647,10,4785,0.853,4785,1.7702227433,1,1,1.7702227433,10,0.1913112647
closed_system2,pnml,chain-prev,sat-like,40,2.942,0.3519406516,10,9688,2.117,9688,1.3897024091,1,1,1.3897024091,10,0.3519406516
closed_system3,pnml,chain-prev,sat-like,80,6.393,1.2999918803,10,11625,3.114,11625,2.0529865125,1,1,2.0529865125,10,1.2999918803
closed_system4,pnml,chain-prev,sat-loop,80,8.262,0.1636255889,10,12397,3.017,12397,2.7384819357,1,1,2.7384819357,10,0.1636255889
closed_system5,pnml,chain-prev,sat-like,40,2.964,0.1322623655,10,11095,2.331,11095,1.2715572716,1,1,1.2715572716,10,0.1322623655
collision.1,dve2C,chain-prev,sat-like,1,0.039,0.0031622777,10,309,0.039,309,1,1,1,1,10,0.0031622777
collision.2,dve2C,bfs-prev,sat-like,1,0.073,0.0067494856,10,339,0.057,339,1.2807017544,1,1,1.2807017544,10,0.0067494856
collision.3,dve2C,bfs-prev,sat-like,1,0.356,0.0134989712,10,1881,0.261,1881,1.3639846743,1,1,1.3639846743,10,0.0134989712
collision.4,dve2C,bfs-prev,sat-like,1,1.492,0.0463800723,10,11077,1.187,11077,1.2569502949,1,1,1.2569502949,10,0.0463800723
collision.5,dve2C,bfs-prev,sat-like,1,3.226,0.0623965811,10,26291,3.226,26291,1,1,1,1,10,0.0623965811
collision.6,dve2C,bfs-prev,sat-like,1,11.603,0.5610317876,10,90452,11.114,90452,1.0439985604,1,1,1.0439985604,10,0.5610317876
cs_repetitions-2-unfolded,pnml,chain,sat-like,1,0.034,0.0084327404,10,688,0.03,688,1.1333333333,1,1,1.1333333333,10,0.0084327404
cs_repetitions-3-unfolded,pnml,chain-prev,sat-like,1,4.079,0.6081200539,10,10411,2.474,10411,1.6487469685,1,1,1.6487469685,10,0.6081200539
cs_repetitions-4-unfolded,pnml,bfs-prev,sat-like,10,153.628,13.3986365807,10,91162,49.91,91162,3.078100581,1,1,3.078100581,10,13.3986365807
cyclic_scheduler.1,dve2C,chain-prev,sat-like,10,0.018,0.0042163702,10,221,0.018,221,1,1,1,1,10,0.0042163702
cyclic_scheduler.2,dve2C,chain-prev,none,,0.017,0.0067494856,10,197,0.015,197,1.1333333333,1,1,1.1333333333,10,0.0067494856
cyclic_scheduler.3,dve2C,chain-prev,sat-loop,20,0.046,0.0084327404,10,373,0.039,373,1.1794871795,1,1,1.1794871795,10,0.0084327404
cyclic_scheduler.4,dve2C,chain-prev,sat-loop,2147483647,0.0506666667,0.0101483253,30,411,0.047,411,1.0780141844,1,1,1.0780141844,30,0.0101483253
database2UNFOLD,pnml,chain,sat-like,5,0.01,0.0047140452,10,170,0.01,170,1,1,1,1,10,0.0047140452
database4UNFOLD,pnml,chain,sat-like,10,31.931,3.1773170023,10,394610,30.712,394610,1.0396913259,1,1,1.0396913259,10,3.1773170023
dekker-10,pnml,chain-prev,sat-like,5,0.492,0.0532916504,10,6624,0.492,6624,1,1,1,1,10,0.0532916504
dekker-15,pnml,chain-prev,sat-like,10,23.347,0.7993476507,10,174024,23.347,174024,1,1,1,1,10,0.7993476507
deploy_2_a,pnml,bfs-prev,sat-like,10,0.158,0.0122927259,10,492,0.111,492,1.4234234234,1,1,1.4234234234,10,0.0122927259
deploy_3_a,pnml,chain-prev,sat-like,20,0.294,0.036270588,10,891,0.281,891,1.0462633452,1,1,1.0462633452,10,0.036270588
deploy_4_a,pnml,chain,sat-like,20,1.993,0.1600034722,10,2633,1.586,2633,1.2566204288,1,1,1.2566204288,10,0.1600034722
deploy_5_a,pnml,chain-prev,sat-like,10,3.466,0.2915552168,10,3279,2.954,3279,1.173324306,1,1,1.173324306,10,0.2915552168
deploy_6_a,pnml,chain,sat-like,40,8.822,1.1744956364,10,6962,8.465,6962,1.0421736562,1,1,1.0421736562,10,1.1744956364
deploy_7_a,pnml,chain,sat-like,80,22.993,2.2029931659,10,19842,22.993,19842,1,1,1,1,10,2.2029931659
des_00_a,pnml,chain,sat-like,5,11.084,0.5207089185,10,72416,9.082,72416,1.2204360273,1,1,1.2204360273,10,0.5207089185
des_01_a,pnml,chain,sat-like,5,1.334,0.1462266126,10,31278,1.334,31278,1,1,1,1,10,0.1462266126
des_02_a,pnml,chain,sat-like,10,7.589,0.5474882038,10,105903,7.037,105903,1.0784425181,1,1,1.0784425181,10,0.5474882038
distributeur-01-unfolded-02,pnml,chain-prev,sat-like,1,0.018,0.0063245553,10,79,0.018,79,1,1,1,1,10,0.0063245553
dlcsh_2_a,pnml,chain-prev,sat-loop,80,158.253,6.071101035,10,693866,158.253,693866,1,1,1,1,10,6.071101035
dnawalk-01,pnml,chain-prev,sat-like,1,0.042,0.0122927259,10,412,0.03575,412,1.1748251748,1,1,1.1748251748,10,0.0122927259
dnawalk-02,pnml,chain,sat-loop,10,0.032,0.0078881064,10,376,0.031,376,1.0322580645,1,1,1.0322580645,10,0.0078881064
dnawalk-03,pnml,chain,sat-loop,10,0.035,0.0084983659,10,388,0.033,388,1.0606060606,1,1,1.0606060606,10,0.0084983659
dnawalk-04,pnml,bfs-prev,sat-like,1,8.633,0.5010666401,10,4986,1.161,4986,7.43583118,1,1,7.43583118,10,0.5010666401
dnawalk-05,pnml,chain-prev,sat-like,1,7.605,0.591387258,10,7306,3.416,7306,2.2262880562,1,1,2.2262880562,10,0.591387258
dnawalk-06,pnml,bfs-prev,sat-like,1,17.617,0.6223619883,10,7689,3.348,7689,5.2619474313,1,1,5.2619474313,10,0.6223619883
dnawalk-07,pnml,bfs-prev,sat-like,10,2.628,0.3131843617,10,11644,2.628,11644,1,1,1,1,10,0.3131843617
dnawalk-08,pnml,bfs-prev,sat-like,1,6.506,0.2847689122,10,9227,3.038,9227,2.1415404872,1,1,2.1415404872,10,0.2847689122
dnawalk-09,pnml,chain-prev,sat-like,1,2.325,0.0356682243,10,6242,2.325,6242,1,1,1,1,10,0.0356682243
dnawalk-10,pnml,bfs-prev,sat-like,1,6.888,0.5494198961,10,9538,2.625,9538,2.624,1,1,2.624,10,0.5494198961
dnawalk-11,pnml,chain-prev,sat-like,1,2.196,0.2555256021,10,5159,2.141,5159,1.0256889304,1,1,1.0256889304,10,0.2555256021
dnawalk-12,pnml,bfs-prev,sat-like,1,71.665,7.2179779409,10,24274,11.297,24274,6.3437195716,1,1,6.3437195716,10,7.2179779409
dnawalk-13,pnml,bfs-prev,sat-like,20,14.106,1.0044146997,10,49028,14.106,49028,1,1,1,1,10,1.0044146997
dnawalk-14,pnml,chain-prev,sat-like,1,62.552,3.0282220673,10,36253,16.468,36253,3.7983968909,1,1,3.7983968909,10,3.0282220673
dnawalk-15,pnml,bfs,sat-like,20,7.333,0.5073033281,10,19321,6.711,19321,1.0926836537,1,1,1.0926836537,10,0.5073033281
elevator.1,dve2C,bfs-prev,sat-like,5,0.434,0.0512510163,10,9155,0.391,9155,1.1099744246,1,1,1.1099744246,10,0.0512510163
elevator.2,dve2C,chain-prev,sat-like,1,0.116,0.0051639778,10,2939,0.116,2939,1,1,1,1,10,0.0051639778
elevator2.1,dve2C,chain,sat-loop,1,0.013,0.0048304589,10,251,0.01,251,1.3,1,1,1.3,10,0.0048304589
elevator2.2,dve2C,chain-prev,sat-loop,2147483647,0.094,0.0098188725,40,685,0.041,685,2.2926829268,1,1,2.2926829268,40,0.0098188725
elevator2.3,dve2C,chain-prev,sat-loop,5,1.142,0.055136195,10,932,1.112,932,1.0269784173,1,1,1.0269784173,10,0.055136195
elevator.3,dve2C,chain-prev,sat-loop,20,11.628,0.2119643576,10,167403,7.542,167403,1.5417661098,1,1,1.5417661098,10,0.2119643576
elevator.4,dve2C,bfs-prev,sat-like,5,13.646,0.5900508453,10,221558,13.637,221558,1.0006599692,1,1,1.0006599692,10,0.5900508453
EnergyBus,pnml,chain-prev,sat-like,5,139.209,7.4013308863,10,,139.209,,1,,,1,10,7.4013308863
erk-000001,pnml,bfs,sat-like,1,0.004,0.0051639778,10,28,0.004,28,1,1,1,1,10,0.0051639778
erk-000010,pnml,chain-prev,sat-like,1,0.03,0.0047140452,10,871,0.024,871,1.25,1,1,1.25,10,0.0047140452
erk-000100,pnml,chain-prev,sat-like,5,67.136,2.0246162874,10,374611,67.136,374611,1,1,1,1,10,2.0246162874
exit.1,dve2C,bfs-prev,sat-loop,2147483647,2.1723333333,0.1330979244,30,28844,1.121,28844,1.9378531073,1,1,1.9378531073,30,0.1330979244
exit.2,dve2C,chain-prev,sat-like,1,0.297,0.0170293864,10,3303,0.2636666667,3303,1.1264222503,1,1,1.1264222503,10,0.0170293864
exit.3,dve2C,chain-prev,sat-like,1,2.64,0.1623439422,10,27153,2.64,27153,1,1,1,1,10,0.1623439422
exit.4,dve2C,chain-prev,sat-like,1,84.709,2.3387244862,10,615433,84.709,615433,1,1,1,1,10,2.3387244862
exit.5,dve2C,chain,sat-loop,2147483647,0.753,0.0542122266,30,11845,0.753,11845,1,1,1,1,30,0.0542122266
extinction.1,dve2C,chain-prev,sat-like,1,0.275,0.0084983659,10,4927,0.25,4927,1.1,1,1,1.1,10,0.0084983659
extinction.2,dve2C,chain-prev,sat-like,5,0.47,0.0226077666,10,8577,0.416,8577,1.1298076923,1,1,1.1298076923,10,0.0226077666
extinction.3,dve2C,chain-prev,sat-like,5,1.964,0.2941352674,10,29247,1.615,29247,1.2160990712,1,1,1.2160990712,10,0.2941352674
extinction.4,dve2C,chain-prev,sat-like,1,11.993,0.1294475441,10,155741,11.993,155741,1,1,1,1,10,0.1294475441
firewire_link.2,dve2C,chain-prev,sat-like,5,0.858,0.0863841549,10,5113,0.842,5113,1.0190023753,1,1,1.0190023753,10,0.0863841549
firewire_link.3,dve2C,chain-prev,sat-like,1,30.335,0.8774236276,10,112016,30.335,112016,1,1,1,1,10,0.8774236276
firewire_link.5,dve2C,chain-prev,sat-like,1,21.265,0.2891462529,10,96933,21.265,96933,1,1,1,1,10,0.2891462529
fischer.1,dve2C,chain,sat-loop,5,0.013,0.008232726,10,270,0.013,270,1,1,1,1,10,0.008232726
fischer.2,dve2C,chain-prev,sat-like,1,0.06,0.0066666667,10,1213,0.06,1213,1,1,1,1,10,0.0066666667
fischer.3,dve2C,bfs-prev,sat-like,1,1.016,0.0263312235,10,8902,1.016,8902,1,1,1,1,10,0.0263312235
fischer.4,dve2C,chain-prev,sat-like,1,0.698,0.0282055944,10,13790,0.698,13790,1,1,1,1,10,0.0282055944
fischer.5,dve2C,bfs-prev,sat-like,1,7.257,0.2208594324,10,65138,7.257,65138,1,1,1,1,10,0.2208594324
fischer.6,dve2C,chain-prev,sat-like,1,1.745,0.0777817459,10,29648,1.745,29648,1,1,1,1,10,0.0777817459
fischer.7,dve2C,bfs-prev,sat-like,1,10.935,0.3093811026,10,96473,10.935,96473,1,1,1,1,10,0.3093811026
FMS-10,pnml,chain,sat-loop,10,0.071,0.0099442893,10,1437,0.041,1437,1.7317073171,1,1,1.7317073171,10,0.0099442893
FMS-100,pnml,chain-prev,sat-loop,10,67.128,7.3006161079,10,264627,19.354,264627,3.4684302986,1,1,3.4684302986,10,7.3006161079
FMS-2,pnml,chain,none,,0.006,0.006992059,10,123,0.006,123,1,1,1,1,10,0.006992059
FMS-20,pnml,chain-prev,sat-loop,10,0.427,0.009486833,10,5747,0.194,5747,2.2010309278,1,1,2.2010309278,10,0.009486833
FMS-200,pnml,chain-prev,sat-like,1,189.342,13.1357813285,10,,189.342,,1,,,1,10,13.1357813285
FMS-5,pnml,chain,sat-loop,10,0.02,0.0066666667,10,432,0.014,432,1.4285714286,1,1,1.4285714286,10,0.0066666667
FMS-50,pnml,chain-prev,sat-loop,10,6.571,1.0163054003,10,46077,2.388,46077,2.7516750419,1,1,2.7516750419,10,1.0163054003
galloc_res-3,pnml,chain-prev,sat-like,1,56.974,3.8611115268,10,,56.974,,1,,,1,10,3.8611115268
gear.1,dve2C,chain-prev,sat-like,1,0.105,0.0052704628,10,3288,0.105,3288,1,1,1,1,10,0.0052704628
gear.2,dve2C,chain-prev,sat-like,1,0.662,0.0175119007,10,16338,0.598,16338,1.1070234114,1,1,1.1070234114,10,0.0175119007
G-PPP-1000-10,pnml,chain-prev,sat-loop,2147483647,4.623,0.3113834536,30,44655,4.623,44655,1,1,1,1,30,0.3113834536
G-PPP-1000-100,pnml,bfs-prev,sat-like,1,0.296,0.0236643191,10,9666,0.296,9666,1,1,1,1,10,0.0236643191
G-PPP-1000-1000,pnml,bfs-prev,sat-like,1,25.574,2.1834844731,10,96066,25.574,96066,1,1,1,1,10,2.1834844731
G-PPP-100-10,pnml,chain-prev,sat-like,2147483647,4.6376666667,0.3906377044,30,44655,4.6376666667,44655,1,1,1,1,30,0.3906377044
G-PPP-100-100,pnml,bfs-prev,sat-like,1,0.303,0.0302030168,10,9666,0.303,9666,1,1,1,1,10,0.0302030168
G-PPP-100-1000,pnml,bfs-prev,sat-like,1,0.286,0.0096609178,10,9668,0.286,9668,1,1,1,1,10,0.0096609178
G-PPP-100-10000,pnml,chain-prev,sat-like,1,0.295,0.0126929552,10,9668,0.295,9668,1,1,1,1,10,0.0126929552
G-PPP-100-100000,pnml,bfs-prev,sat-like,1,0.286,0.0134989712,10,9668,0.286,9668,1,1,1,1,10,0.0134989712
G-PPP-10-10,pnml,chain-prev,sat-like,20,5.728,0.5242306532,10,56649,4.981,56649,1.1499698856,1,1,1.1499698856,10,0.5242306532
G-PPP-10-100,pnml,chain-prev,sat-loop,20,8.044,0.3259243266,10,61199,6.66,61199,1.2078078078,1,1,1.2078078078,10,0.3259243266
G-PPP-1-1,pnml,chain-prev,sat-like,10,0.042,0.0078881064,10,1426,0.042,1426,1,1,1,1,10,0.0078881064
G-PPP-1-10,pnml,chain,none,,0.184,0.0117378779,10,3516,0.162,3516,1.1358024691,1,1,1.1358024691,10,0.0117378779
G-PPP-1-100,pnml,chain-prev,sat-like,5,3.269,0.2721702898,10,4932,2.358,4932,1.3863443596,1,1,1.3863443596,10,0.2721702898
G-PPP-1-1000,pnml,bfs-prev,sat-like,10,1529.88,569.4833800911,2,23605,212.868,23605,7.18698912,1,1,7.18698912,2,569.4833800911
hanoi.1,dve2C,bfs-prev,sat-loop,20,1,0.0205480467,10,15950,1,15950,1,1,1,1,10,0.0205480467
hanoi.2,dve2C,chain-prev,sat-like,2147483647,134.585,5.2711773378,20,594970,111.1295,594970,1.2110645688,1,1,1.2110645688,20,5.2711773378
HouseConstruction-002,pnml,chain,sat-loop,20,0.013,0.0048304589,10,349,0.013,349,1,1,1,1,10,0.0048304589
HouseConstruction-005,pnml,chain-prev,sat-like,5,0.093,0.0133749351,10,3176,0.093,3176,1,1,1,1,10,0.0133749351
HouseConstruction-010,pnml,chain-prev,sat-like,5,0.992,0.0970452357,10,30151,0.992,30151,1,1,1,1,10,0.0970452357
HouseConstruction-020,pnml,chain-prev,sat-like,5,20.711,2.0203489798,10,428701,20.711,428701,1,1,1,1,10,2.0203489798
HouseConstruction-050,pnml,bfs-prev,sat-like,1,137.712,8.6477431866,10,2087626,137.712,2087626,1,1,1,1,10,8.6477431866
ht_d2k1p8b00,pnml,chain,sat-like,2147483647,0.271,0.0243689588,40,3731,0.147,3731,1.843537415,1,1,1.843537415,40,0.0243689588
ht_d2k2p1b00,pnml,chain,sat-like,1,2.089,0.053634566,10,8407,2.089,8407,1,1,1,1,10,0.053634566
IBM319,pnml,chain-prev,sat-like,10,0.189,0.0185292561,10,1171,0.189,1171,1,1,1,1,10,0.0185292561
IBM5964,pnml,chain,sat-like,40,0.117,0.008232726,10,961,0.105,961,1.1142857143,1,1,1.1142857143,10,0.008232726
IBM703,pnml,chain-prev,sat-like,10,0.268,0.018135294,10,1192,0.268,1192,1,1,1,1,10,0.018135294
IBMB2S565S3960,pnml,chain-prev,sat-like,10,66.336,3.8307272301,10,604538,50.964,604538,1.3016246762,1,1,1.3016246762,10,3.8307272301
IOTP_c1m1p1d1,pnml,chain-prev,sat-like,40,0.059,0.0073786479,10,720,0.052,720,1.1346153846,1,1,1.1346153846,10,0.0073786479
IOTP_c3m3p3d3,pnml,chain-prev,sat-loop,20,1.731,0.046055522,10,9165,1.401,9165,1.2355460385,1,1,1.2355460385,10,0.046055522
IOTP_c5m4p3d2,pnml,chain-prev,sat-loop,40,5.586,0.117964213,10,23399,3.913,23399,1.427549195,1,1,1.427549195,10,0.117964213
iprotocol.1,dve2C,chain-prev,sat-loop,10,0.05,0.0081649658,10,665,0.041,665,1.2195121951,1,1,1.2195121951,10,0.0081649658
iprotocol.2,dve2C,chain-prev,sat-like,1,0.096,0.0096609178,10,1635,0.096,1635,1,1,1,1,10,0.0096609178
iprotocol.3,dve2C,chain-prev,sat-like,1,1.074,0.1002441464,10,17132,1.074,17132,1,1,1,1,10,0.1002441464
iprotocol.4,dve2C,chain-prev,sat-loop,20,5.218,0.1742157028,10,57769,3.149,57769,1.657033979,1,1,1.657033979,10,0.1742157028
iprotocol.5,dve2C,chain-prev,sat-loop,20,30.633,5.3602675099,10,285601,17.36,285601,1.7645737327,1,1,1.7645737327,10,5.3602675099
iprotocol.6,dve2C,chain-prev,sat-loop,20,10.889,0.1839957729,10,98220,6.662,98220,1.6344941459,1,1,1.6344941459,10,0.1839957729
iprotocol.7,dve2C,chain-prev,sat-like,10,17.011,1.4268025636,10,309763,17.011,309763,1,1,1,1,10,1.4268025636
Kanban-10,pnml,chain,sat-like,5,0.33,0.0429469958,10,1452,0.321,1452,1.0280373832,1,1,1.0280373832,10,0.0429469958
Kanban-20,pnml,chain,sat-like,5,6.82,0.513874174,10,7287,6.82,7287,1,1,1,1,10,0.513874174
Kanban-5,pnml,chain,sat-like,5,0.031,0.0073786479,10,382,0.031,382,1,1,1,1,10,0.0073786479
Kanban-50,pnml,chain,sat-like,10,1673.155,401.1191098041,1,,1673.155,,1,,,1,1,401.1191098041
krebs.1,dve2C,bfs-prev,sat-loop,5,0.074,0.006992059,10,1633,0.051,1633,1.4509803922,1,1,1.4509803922,10,0.006992059
krebs.2,dve2C,bfs-prev,sat-like,5,0.384,0.0295145915,10,6670,0.384,6670,1,1,1,1,10,0.0295145915
krebs.3,dve2C,chain-prev,sat-like,5,1.412,0.0960092588,10,25296,1.412,25296,1,1,1,1,10,0.0960092588
krebs.4,dve2C,chain-prev,sat-loop,10,3.78,0.1250777536,10,43172,1.833,43172,2.062193126,1,1,2.062193126,10,0.1250777536
lamport.1,dve2C,chain-prev,sat-like,1,0.086,0.0084327404,10,906,0.086,906,1,1,1,1,10,0.0084327404
lamport.2,dve2C,chain-prev,sat-like,1,0.384,0.0157762128,10,4126,0.384,4126,1,1,1,1,10,0.0157762128
lamport.3,dve2C,chain-prev,sat-like,5,0.169,0.0218326972,10,1328,0.135,1328,1.2518518519,1,1,1.2518518519,10,0.0218326972
lamport.5,dve2C,chain-prev,sat-like,1,0.656,0.0772010363,10,5553,0.656,5553,1,1,1,1,10,0.0772010363
lamport.6,dve2C,chain-prev,sat-like,1,10.67,0.2181233087,10,101861,10.506,101861,1.0156101275,1,1,1.0156101275,10,0.2181233087
lamport.7,dve2C,chain-prev,sat-like,1,5.395,0.1422243923,10,51548,5.395,51548,1,1,1,1,10,0.1422243923
lamport.8,dve2C,chain-prev,sat-like,1,15.189,0.283095979,10,92751,15.189,92751,1,1,1,1,10,0.283095979
lamport_fmea-2,pnml,chain-prev,sat-like,10,0.109,0.023781412,10,895,0.087,895,1.2528735632,1,1,1.2528735632,10,0.023781412
lamport_fmea-3,pnml,chain-prev,sat-like,20,1.231,0.0842549042,10,7434,1.132,7434,1.0874558304,1,1,1.0874558304,10,0.0842549042
lamport_fmea-4,pnml,chain-prev,sat-like,80,22.973,0.9102142605,10,70058,21.386,70058,1.0742074254,1,1,1.0742074254,10,0.9102142605
lamport_fmea-5,pnml,chain-prev,sat-like,80,1651.406,469.8954866351,1,730501,1362.945,730501,1.2116453709,1,1,1.2116453709,1,469.8954866351
lamport_nonatomic.1,dve2C,chain-prev,sat-like,1,0.075,0.0097182532,10,649,0.075,649,1,1,1,1,10,0.0097182532
lamport_nonatomic.2,dve2C,chain,sat-like,1,0.07,0.0066666667,10,608,0.07,608,1,1,1,1,10,0.0066666667
lamport_nonatomic.3,dve2C,chain-prev,sat-like,1,0.081,0.0056764621,10,677,0.081,677,1,1,1,1,10,0.0056764621
lamport_nonatomic.4,dve2C,chain-prev,sat-like,1,0.925,0.0540061725,10,6166,0.925,6166,1,1,1,1,10,0.0540061725
lamport_nonatomic.5,dve2C,bfs-prev,sat-like,1,18.681,0.7123739655,10,75955,14.014,75955,1.3330241187,1,1,1.3330241187,10,0.7123739655
lann.1,dve2C,bfs-prev,sat-like,1,0.176,0.0117378779,10,2836,0.156,2836,1.1282051282,1,1,1.1282051282,10,0.0117378779
lann.2,dve2C,chain-prev,sat-like,1,0.035,0.0052704628,10,824,0.035,824,1,1,1,1,10,0.0052704628
lann.3,dve2C,chain-prev,sat-like,1,0.717,0.017669811,10,4370,0.695,4370,1.0316546763,1,1,1.0316546763,10,0.017669811
lann.4,dve2C,chain,sat-like,2147483647,2.0086666667,0.0775367914,30,34098,1.598,34098,1.2569879015,1,1,1.2569879015,30,0.0775367914
lann.5,dve2C,chain,sat-loop,20,0.267,0.009486833,10,3346,0.177,3346,1.5084745763,1,1,1.5084745763,10,0.009486833
lann.6,dve2C,chain-prev,sat-like,5,43.228,4.482580606,10,268775,32.457,268775,1.3318544536,1,1,1.3318544536,10,4.482580606
lann.7,dve2C,chain-prev,sat-like,10,6.268,0.7824718667,10,17507,5.758,17507,1.088572421,1,1,1.088572421,10,0.7824718667
leader_election.1,dve2C,chain-prev,sat-like,1,0.104,0.0051639778,10,2373,0.104,2373,1,1,1,1,10,0.0051639778
leader_election.2,dve2C,chain-prev,sat-like,40,0.36,0.021602469,10,7830,0.36,7830,1,1,1,1,10,0.021602469
leader_election.3,dve2C,chain-prev,sat-like,1,0.277,0.0105934991,10,5104,0.277,5104,1,1,1,1,10,0.0105934991
leader_election.4,dve2C,chain-prev,sat-like,10,0.415,0.0462481231,10,7783,0.415,7783,1,1,1,1,10,0.0462481231
leader_election.5,dve2C,chain-prev,sat-like,5,0.709,0.0734014835,10,10463,0.709,10463,1,1,1,1,10,0.0734014835
leader_election.6,dve2C,chain-prev,sat-like,5,1.523,0.2220635545,10,20055,1.523,20055,1,1,1,1,10,0.2220635545
leader_filters.1,dve2C,chain-prev,sat-like,2147483647,0.13,0.0101709526,30,2585,0.102,2585,1.2745098039,1,1,1.2745098039,30,0.0101709526
leader_filters.2,dve2C,bfs-prev,sat-like,10,0.205,0.0275882423,10,3450,0.171,3450,1.1988304094,1,1,1.1988304094,10,0.0275882423
leader_filters.3,dve2C,chain-prev,sat-loop,5,0.82,0.0163299316,10,15756,0.632,15756,1.2974683544,1,1,1.2974683544,10,0.0163299316
leader_filters.5,dve2C,chain-prev,sat-loop,20,7.595,1.5172434801,10,139670,5.839,139670,1.3007364275,1,1,1.3007364275,10,1.5172434801
leader_filters.6,dve2C,chain-prev,sat-like,5,94.068,9.9064028677,10,762536,66.263,762536,1.4196157735,1,1,1.4196157735,10,9.9064028677
leader_filters.7,dve2C,chain-prev,sat-loop,10,72.603,1.5323188673,10,970096,41.785,970096,1.7375373938,1,1,1.7375373938,10,1.5323188673
lifts.1,dve2C,chain-prev,sat-like,5,0.255,0.0353553391,10,3739,0.215,3739,1.1860465116,1,1,1.1860465116,10,0.0353553391
lifts.2,dve2C,chain-prev,sat-like,5,0.246,0.0211869981,10,3726,0.213,3726,1.1549295775,1,1,1.1549295775,10,0.0211869981
lifts.3,dve2C,bfs-prev,sat-loop,10,3.29,0.4672615256,10,24919,2.533,24919,1.2988551125,1,1,1.2988551125,10,0.4672615256
lifts.4,dve2C,chain-prev,sat-loop,10,5.481,0.1279279311,10,33987,4.86,33987,1.1277777778,1,1,1.1277777778,10,0.1279279311
lifts.5,dve2C,chain-prev,sat-loop,10,8.665,0.2946278255,10,51818,7.956,51818,1.0891151332,1,1,1.0891151332,10,0.2946278255
lifts.6,dve2C,chain-prev,sat-loop,2147483647,22.2003333333,1.3913265398,30,104788,18.924,104788,1.173131121,1,1,1.173131121,30,1.3913265398
lifts.7,dve2C,chain-prev,sat-loop,20,130.52,3.931448701,10,326693,96.575,326693,1.3514884805,1,1,1.3514884805,10,3.931448701
lifts.8,dve2C,chain-prev,sat-like,20,1352.806,720.0563938285,3,691231,246.138,691231,5.4961281883,1,1,5.4961281883,3,720.0563938285
lup.1,dve2C,bfs-prev,sat-loop,5,0.038,0.0042163702,10,432,0.025,432,1.52,1,1,1.52,10,0.0042163702
lup.2,dve2C,bfs-prev,sat-loop,2147483647,6.3324,0.2457355473,50,11436,6.3324,11436,1,1,1,1,50,0.2457355473
lup.3,dve2C,chain-prev,sat-loop,2147483647,27.6595,1.230226058,40,20060,27.6595,20060,1,1,1,1,40,1.230226058
lup.4,dve2C,bfs-prev,sat-loop,2147483647,123.9395,5.3958378784,40,32676,123.9395,32676,1,1,1,1,40,5.3958378784
MAPK-20,pnml,chain,none,,0.899,0.035103023,10,4507,0.575,4507,1.5634782609,1,1,1.5634782609,10,0.035103023
MAPK-40,pnml,chain,none,,11.899,0.3283104899,10,24492,8.445,24492,1.4089994079,1,1,1.4089994079,10,0.3283104899
MAPK-8,pnml,chain,sat-loop,2147483647,0.0716666667,0.0111674815,30,700,0.048,700,1.4930555556,1,1,1.4930555556,30,0.0111674815
MAPK-80,pnml,chain,sat-loop,2147483647,225.5086666667,10.100119403,30,155462,225.5086666667,155462,1,1,1,1,30,10.100119403
mcs.1,dve2C,chain-prev,sat-like,1,0.1,0.0066666667,10,1145,0.1,1145,1,1,1,1,10,0.0066666667
mcs.2,dve2C,chain-prev,sat-like,5,0.018,0.0042163702,10,383,0.018,383,1,1,1,1,10,0.0042163702
mcs.3,dve2C,chain-prev,sat-like,1,2.54,0.1455258664,10,24692,2.54,24692,1,1,1,1,10,0.1455258664
mcs.4,dve2C,chain,sat-like,1,0.035,0.0070710678,10,722,0.03275,722,1.0687022901,1,1,1.0687022901,10,0.0070710678
mcs.5,dve2C,bfs-prev,sat-like,1,55.808,2.4690745005,10,274854,55.808,274854,1,1,1,1,10,2.4690745005
mcs.6,dve2C,chain,sat-like,5,0.169,0.0268535121,10,3469,0.148,3469,1.1418918919,1,1,1.1418918919,10,0.0268535121
msmie.1,dve2C,chain-prev,sat-like,1,0.043,0.0115950181,10,388,0.041,388,1.0487804878,1,1,1.0487804878,10,0.0115950181
msmie.2,dve2C,bfs-prev,sat-like,5,0.08,0.0133333333,10,463,0.061,463,1.3114754098,1,1,1.3114754098,10,0.0133333333
msmie.3,dve2C,chain,sat-like,5,0.221,0.0137032032,10,1497,0.177,1497,1.2485875706,1,1,1.2485875706,10,0.0137032032
msmie.4,dve2C,bfs-prev,sat-like,10,0.774,0.1914970264,10,3121,0.457,3121,1.693654267,1,1,1.693654267,10,0.1914970264
MultiwaySync,pnml,chain-prev,sat-like,1,4.702,0.6167441393,10,3097,3.359,3097,1.3998213754,1,1,1.3998213754,10,0.6167441393
needham.1,dve2C,chain-prev,sat-like,1,0.014,0.0051639778,10,322,0.014,322,1,1,1,1,10,0.0051639778
needham.2,dve2C,chain-prev,sat-loop,20,0.193,0.0067494856,10,4178,0.156,4178,1.2371794872,1,1,1.2371794872,10,0.0067494856
needham.3,dve2C,chain-prev,sat-loop,20,0.404,0.0134989712,10,7928,0.376,7928,1.0744680851,1,1,1.0744680851,10,0.0134989712
needham.4,dve2C,chain-prev,sat-like,5,2.598,0.7369878636,10,43917,2.152,43917,1.2072490706,1,1,1.2072490706,10,0.7369878636
open_system_0,pnml,chain-prev,sat-loop,80,5.386,0.0844853702,10,4591,1.989,4591,2.7078934138,1,1,2.7078934138,10,0.0844853702
PaceMaker,pnml,chain,sat-like,1,1.513,0.1536988397,10,2603,1.513,2603,1,1,1,1,10,0.1536988397
parking_1_4,pnml,chain,sat-like,1,0.055,0.0108012345,10,657,0.049,657,1.1224489796,1,1,1.1224489796,10,0.0108012345
parking_2_8,pnml,chain,sat-like,1,0.211,0.0242441287,10,1309,0.211,1309,1,1,1,1,10,0.0242441287
parking_4_16,pnml,chain,sat-like,1,2.322,0.2342742932,10,12087,2.322,12087,1,1,1,1,10,0.2342742932
parking_4_32,pnml,chain,sat-like,1,18.086,1.7842595725,10,60403,18.086,60403,1,1,1,1,10,1.7842595725
peg_solitaire.1,dve2C,bfs-prev,sat-loop,10,2.896,0.1574237029,10,8621,2.896,8621,1,1,1,1,10,0.1574237029
peg_solitaire.4,dve2C,bfs-prev,sat-loop,20,171.432,9.8239048584,10,123054,171.432,123054,1,1,1,1,10,9.8239048584
peg_solitaire.5,dve2C,bfs-prev,sat-loop,40,36.236,1.3541639487,10,28006,35.091,28006,1.0326294491,1,1,1.0326294491,10,1.3541639487
peterson.1,dve2C,chain,sat-like,1,0.064,0.006992059,10,766,0.064,766,1,1,1,1,10,0.006992059
peterson.2,dve2C,chain,sat-loop,5,0.046,0.006992059,10,593,0.046,593,1,1,1,1,10,0.006992059
Peterson-2,pnml,chain-prev,sat-like,10,0.988,0.2198888608,10,3862,0.8,3862,1.235,1,1,1.235,10,0.2198888608
peterson.3,dve2C,chain,sat-like,1,0.131,0.0056764621,10,2824,0.131,2824,1,1,1,1,10,0.0056764621
Peterson-3,pnml,chain-prev,sat-like,5,72.999,5.1623410925,10,113254,70.85,113254,1.0303316867,1,1,1.0303316867,10,5.1623410925
peterson.4,dve2C,chain-prev,sat-like,1,1.667,0.0462000481,10,9795,1.667,9795,1,1,1,1,10,0.0462000481
peterson.5,dve2C,chain-prev,sat-loop,10,2.275,0.0508265023,10,11641,1.648,11641,1.380461165,1,1,1.380461165,10,0.0508265023
peterson.6,dve2C,chain-prev,sat-loop,10,21.016,0.3945236227,10,140520,20.372,140520,1.0316120165,1,1,1.0316120165,10,0.3945236227
peterson.7,dve2C,chain-prev,sat-like,1,58.323,1.1540753875,10,142996,55.266,142996,1.0553142981,1,1,1.0553142981,10,1.1540753875
pgm_protocol.1,dve2C,chain-prev,sat-like,40,1.786,0.3547831889,10,30691,1.471,30691,1.2141400408,1,1,1.2141400408,10,0.3547831889
pgm_protocol.2,dve2C,chain-prev,sat-like,40,1.956,0.1372912557,10,40522,1.956,40522,1,1,1,1,10,0.1372912557
pgm_protocol.3,dve2C,chain-prev,sat-like,5,12.485,0.7410540541,10,123421,11.083,123421,1.1265000451,1,1,1.1265000451,10,0.7410540541
pgm_protocol.4,dve2C,chain-prev,sat-like,5,2.681,0.2891155094,10,58134,2.681,58134,1,1,1,1,10,0.2891155094
pgm_protocol.5,dve2C,chain-prev,sat-loop,40,21.651,3.0388245169,10,221479,15.955,221479,1.357004074,1,1,1.357004074,10,3.0388245169
pgm_protocol.6,dve2C,chain-prev,sat-like,20,20.942,1.0343844117,10,313513,20.942,313513,1,1,1,1,10,1.0343844117
pgm_protocol.7,dve2C,chain-prev,sat-loop,80,7.573,0.1737846688,10,100147,5.272,100147,1.4364567527,1,1,1.4364567527,10,0.1737846688
pgm_protocol.8,dve2C,chain-prev,sat-like,2147483647,82.615,1.0222116545,10,470720,36.108,470720,2.2879971198,1,1,2.2879971198,10,1.0222116545
philo_dyn-3-unfolded,pnml,chain-prev,sat-like,5,0.045,0.0052704628,10,602,0.045,602,1,1,1,1,10,0.0052704628
Philosophers-10,pnml,chain-prev,sat-like,5,0.016,0.0051639778,10,295,0.016,295,1,1,1,1,10,0.0051639778
Philosophers-100,pnml,chain,sat-like,10,0.54,0.0359010987,10,3178,0.54,3178,1,1,1,1,10,0.0359010987
Philosophers-1000,pnml,chain,sat-like,40,54.931,5.3725691144,10,33360,54.931,33360,1,1,1,1,10,5.3725691144
Philosophers-20,pnml,chain,sat-like,10,0.04,0.0081649658,10,615,0.04,615,1,1,1,1,10,0.0081649658
Philosophers-200,pnml,chain,sat-like,10,2.078,0.2271954616,10,6375,2.078,6375,1,1,1,1,10,0.2271954616
Philosophers-2000,pnml,chain,sat-like,20,222.319,16.4537665056,10,,222.319,,1,,,1,10,16.4537665056
Philosophers-5,pnml,chain-prev,sat-like,20,0.006,0.006992059,10,135,0.006,135,1,1,1,1,10,0.006992059
Philosophers-50,pnml,chain-prev,sat-like,10,0.161,0.019692074,10,1575,0.161,1575,1,1,1,1,10,0.019692074
Philosophers-500,pnml,chain,sat-like,20,13.122,1.8500738724,10,16679,13.122,16679,1,1,1,1,10,1.8500738724
phils.1,dve2C,chain-prev,sat-like,1,0.008,0.0063245553,10,53,0.005,53,1.6,1,1,1.6,10,0.0063245553
phils.2,dve2C,chain-prev,sat-like,1,0.007,0.0067494856,10,159,0.007,159,1,1,1,1,10,0.0067494856
phils.3,dve2C,chain,sat-like,5,0.008,0.0063245553,10,98,0.007,98,1.1428571429,1,1,1.1428571429,10,0.0063245553
phils.4,dve2C,chain-prev,sat-like,1,0.097,0.0067494856,10,2018,0.097,2018,1,1,1,1,10,0.0067494856
phils.5,dve2C,chain,sat-like,1,0.022,0.0042163702,10,225,0.022,225,1,1,1,1,10,0.0042163702
phils.6,dve2C,chain-prev,sat-like,10,0.045,0.0108012345,10,272,0.029,272,1.5517241379,1,1,1.5517241379,10,0.0108012345
phils.7,dve2C,chain-prev,sat-like,5,2.959,0.5312762412,10,29200,2.031,29200,1.4569177745,1,1,1.4569177745,10,0.5312762412
phils.8,dve2C,chain-prev,sat-loop,20,0.064,0.0051639778,10,287,0.03,287,2.1333333333,1,1,2.1333333333,10,0.0051639778
pouring.1,dve2C,chain-prev,sat-like,1,0.949,0.0317804972,10,346,0.949,346,1,1,1,1,10,0.0317804972
pouring.2,dve2C,chain-prev,sat-like,1,1.062,0.0339280284,10,872,0.967,872,1.0982419855,1,1,1.0982419855,10,0.0339280284
ProductionCell,pnml,chain,sat-like,5,16.26,1.3678450205,10,24711,14.02,24711,1.1597717546,1,1,1.1597717546,10,1.3678450205
production_cell.2,dve2C,chain-prev,sat-loop,10,0.081,0.0056764621,10,788,0.08,788,1.0125,1,1,1.0125,10,0.0056764621
production_cell.4,dve2C,chain-prev,sat-like,10,1.258,0.1372588795,10,8081,0.601,8081,2.0931780366,1,1,2.0931780366,10,0.1372588795
protocols.2,dve2C,chain,sat-like,5,0.02,0.0047140452,10,391,0.02,391,1,1,1,1,10,0.0047140452
protocols.3,dve2C,chain,sat-like,2147483647,0.014,0.0070891756,40,271,0.011,271,1.2727272727,1,1,1.2727272727,40,0.0070891756
protocols.4,dve2C,chain-prev,none,,0.168,0.0168654809,10,3925,0.12,3925,1.4,1,1,1.4,10,0.0168654809
protocols.5,dve2C,chain-prev,sat-loop,2147483647,0.4405,0.0363705996,40,9662,0.228,9662,1.9320175439,1,1,1.9320175439,40,0.0363705996
public_subscribe.2,dve2C,chain-prev,sat-like,1,3.287,0.1036071641,10,47131,3.287,47131,1,1,1,1,10,0.1036071641
public_subscribe.5,dve2C,bfs-prev,sat-like,5,215.897,10.2201403013,10,1173186,120.966,1173186,1.7847742341,1,1,1.7847742341,10,10.2201403013
QCertifProtocol_02-unfold,pnml,chain-prev,sat-like,5,0.063,0.0067494856,10,2427,0.063,2427,1,1,1,1,10,0.0067494856
QCertifProtocol_06-unfold,pnml,chain-prev,sat-like,5,9.923,1.3513043082,10,375519,9.923,375519,1,1,1,1,10,1.3513043082
raft_02,pnml,chain,sat-like,1,0.042,0.0078881064,10,290,0.023,290,1.8260869565,1,1,1.8260869565,10,0.0078881064
raft_03,pnml,chain-prev,sat-like,1,0.706,0.0811308956,10,1733,0.146,1733,4.8356164384,1,1,4.8356164384,10,0.0811308956
raft_04,pnml,chain-prev,sat-like,1,11.776,0.6206126006,10,9300,1.551,9300,7.5925209542,1,1,7.5925209542,10,0.6206126006
raft_05,pnml,chain,sat-like,10,11.925,1.7415845276,10,40124,6.761,40124,1.7637923384,1,1,1.7637923384,10,1.7415845276
raft_06,pnml,bfs-prev,sat-like,5,1209.959,761.7455789238,4,147069,31.986,147069,37.8277683987,1,1,37.8277683987,4,761.7455789238
RAS-C-10,pnml,chain-prev,sat-like,5,0.022,0.0042163702,10,509,0.022,509,1,1,1,1,10,0.0042163702
RAS-C-100,pnml,chain,sat-like,10,1.125,0.0967528352,10,5369,1.125,5369,1,1,1,1,10,0.0967528352
RAS-C-15,pnml,chain,sat-like,5,0.045,0.0052704628,10,768,0.045,768,1,1,1,1,10,0.0052704628
RAS-C-20,pnml,chain,sat-like,5,0.066,0.0150554531,10,1049,0.066,1049,1,1,1,1,10,0.0150554531
RAS-C-3,pnml,chain-prev,none,,0.007,0.0048304589,10,55,0.005,55,1.4,1,1,1.4,10,0.0048304589
RAS-C-5,pnml,chain,sat-like,20,0.01,0.0081649658,10,228,0.01,228,1,1,1,1,10,0.0081649658
RAS-C-50,pnml,chain,sat-like,5,0.307,0.0245175674,10,2669,0.307,2669,1,1,1,1,10,0.0245175674
RAS-R-10,pnml,chain,sat-like,20,0.024,0.0051639778,10,204,0.017,204,1.4117647059,1,1,1.4117647059,10,0.0051639778
RAS-R-100,pnml,chain-prev,sat-like,80,38.482,1.6896074495,10,12233,7.536,12233,5.1064225053,1,1,5.1064225053,10,1.6896074495
RAS-R-15,pnml,chain,sat-like,20,0.067,0.008232726,10,388,0.036,388,1.8611111111,1,1,1.8611111111,10,0.008232726
RAS-R-2,pnml,chain,none,,0.002,0.0042163702,10,19,0.002,19,1,1,1,1,10,0.0042163702
RAS-R-20,pnml,chain,sat-loop,40,0.206,0.006992059,10,592,0.074,592,2.7837837838,1,1,2.7837837838,10,0.006992059
RAS-R-3,pnml,chain-prev,none,,0.006,0.006992059,10,33,0.004,33,1.5,1,1,1.5,10,0.006992059
RAS-R-5,pnml,chain,sat-loop,2147483647,0.0085,0.0069981683,40,68,0.005,68,1.7,1,1,1.7,40,0.0069981683
RAS-R-50,pnml,chain-prev,sat-like,40,3.513,0.7884873,10,3313,0.96,3313,3.659375,1,1,3.659375,10,0.7884873
reader_writer.1,dve2C,bfs-prev,sat-loop,10,0.012,0.0063245553,10,155,0.012,155,1,1,1,1,10,0.0063245553
reader_writer.2,dve2C,chain-prev,sat-loop,1,0.013,0.0067494856,10,181,0.013,181,1,1,1,1,10,0.0067494856
reader_writer.3,dve2C,chain-prev,sat-like,2147483647,0.0383333333,0.0053066863,30,407,0.0383333333,407,1,1,1,1,30,0.0053066863
rether.1,dve2C,chain-prev,sat-like,1,0.127,0.008232726,10,1449,0.127,1449,1,1,1,1,10,0.008232726
rether.2,dve2C,bfs-prev,sat-loop,20,0.973,0.0245175674,10,5185,0.687,5185,1.4163027656,1,1,1.4163027656,10,0.0245175674
rether.3,dve2C,chain-prev,sat-like,1,17.382,0.3698287892,10,58951,17.382,58951,1,1,1,1,10,0.3698287892
rether.4,dve2C,bfs-prev,sat-loop,1,71.749,13.0331819684,10,196780,68.3925,196780,1.0490770187,1,1,1.0490770187,10,13.0331819684
rether.5,dve2C,chain-prev,sat-loop,40,155.279,3.1497458451,10,397610,122.263,397610,1.2700408137,1,1,1.2700408137,10,3.1497458451
rether.6,dve2C,chain-prev,sat-loop,2147483647,880.26,770.4779406726,12,645330,760.937,645330,1.1568106164,1,1,1.1568106164,12,770.4779406726
rether.7,dve2C,chain-prev,sat-like,10,432.63,480.5395850037,9,810032,222.902,810032,1.9408977936,1,1,1.9408977936,9,480.5395850037
ring,pnml,chain,sat-like,5,2.762,0.3455044621,10,7287,2.613,7287,1.0570225794,1,1,1.0570225794,10,0.3455044621
rwmutex-r10w10,pnml,chain,sat-like,20,0.025,0.0052704628,10,432,0.025,432,1,1,1,1,10,0.0052704628
rwmutex-r10w100,pnml,chain-prev,sat-loop,40,0.631,0.042804465,10,883,0.631,883,1,1,1,1,10,0.042804465
rwmutex-r10w1000,pnml,chain-prev,sat-loop,2147483647,53.725,3.0916563342,10,8200,53.725,8200,1,1,1,1,10,3.0916563342
rwmutex-r10w20,pnml,chain-prev,sat-loop,20,0.061,0.0056764621,10,1006,0.061,1006,1,1,1,1,10,0.0056764621
rwmutex-r10w2000,pnml,chain-prev,none,,236.818,11.2417671604,10,,236.818,,1,,,1,10,11.2417671604
rwmutex-r10w50,pnml,bfs-prev,sat-loop,5,0.25,0.0149071198,10,2614,0.25,2614,1,1,1,1,10,0.0149071198
rwmutex-r10w500,pnml,bfs-prev,sat-loop,80,54.93,1.6280390386,10,229089,54.93,229089,1,1,1,1,10,1.6280390386
rwmutex-r20w10,pnml,chain-prev,sat-loop,5,16.272,0.9680312208,10,1608,16.272,1608,1,1,1,1,10,0.9680312208
SafeBus-03-unfolded,pnml,chain-prev,sat-like,1,0.6,0.0785988408,10,5326,0.515,5326,1.1650485437,1,1,1.1650485437,10,0.0785988408
schedule_world.1,dve2C,chain-prev,sat-like,1,0.049,0.0073786479,10,855,0.049,855,1,1,1,1,10,0.0073786479
schedule_world.2,dve2C,chain,sat-like,5,0.179,0.0207899548,10,4255,0.159,4255,1.1257861635,1,1,1.1257861635,10,0.0207899548
schedule_world.3,dve2C,bfs,sat-like,5,0.693,0.0731892524,10,8265,0.656,8265,1.056402439,1,1,1.056402439,10,0.0731892524
sg-2-1-2,pnml,chain,sat-like,1,1.728,0.1694304184,10,7666,1.728,7666,1,1,1,1,10,0.1694304184
shared_memory-pt-10,pnml,chain-prev,sat-like,5,2.678,0.1341475142,10,30896,2.678,30896,1,1,1,1,10,0.1341475142
shared_memory-pt-5,pnml,chain,sat-like,5,0.023,0.0067494856,10,464,0.023,464,1,1,1,1,10,0.0067494856
simple_lbs-10,pnml,chain-prev,sat-like,5,1416.424,617.6167884916,3,,1416.424,,1,,,1,3,617.6167884916
simple_lbs-2,pnml,chain,sat-like,1,0.047,0.0067494856,10,866,0.047,866,1,1,1,1,10,0.0067494856
simple_lbs-5,pnml,chain-prev,sat-like,1,2.401,0.3045743843,10,9755,2.401,9755,1,1,1,1,10,0.3045743843
SmallOperatingSystem-MT0016DC0008,pnml,bfs-prev,sat-like,1,0.056,0.006992059,10,2473,0.056,2473,1,1,1,1,10,0.006992059
SmallOperatingSystem-MT0032DC0008,pnml,chain-prev,sat-like,1,0.166,0.0134989712,10,7873,0.166,7873,1,1,1,1,10,0.0134989712
SmallOperatingSystem-MT0032DC0016,pnml,bfs-prev,sat-like,1,0.398,0.020439613,10,14601,0.398,14601,1,1,1,1,10,0.020439613
SmallOperatingSystem-MT0064DC0016,pnml,bfs-prev,sat-like,1,1.373,0.0956904732,10,50233,1.373,50233,1,1,1,1,10,0.0956904732
SmallOperatingSystem-MT0064DC0032,pnml,chain-prev,sat-loop,2147483647,4.1922,0.273020071,50,98569,4.1922,98569,1,1,1,1,50,0.273020071
SmallOperatingSystem-MT0128DC0032,pnml,bfs-prev,sat-like,1,15.465,1.5105499366,10,355177,15.465,355177,1,1,1,1,10,1.5105499366
SmallOperatingSystem-MT0128DC0064,pnml,chain-prev,sat-loop,2147483647,52.7602,2.0448486696,50,720393,52.7602,720393,1,1,1,1,50,2.0448486696
SmallOperatingSystem-MT0256DC0064,pnml,chain-prev,sat-like,1,401.139,491.5846108352,9,2663113,401.139,2663113,1,1,1,1,9,491.5846108352
sokoban.1,dve2C,chain,sat-loop,20,8.205,0.3950878946,10,11917,7.281,11917,1.1269056448,1,1,1.1269056448,10,0.3950878946
sokoban.2,dve2C,chain,sat-loop,40,74.102,3.4455310831,10,77008,68.069,77008,1.0886306542,1,1,1.0886306542,10,3.4455310831
soli0_counter_square5,pnml,bfs-prev,sat-like,2147483647,1650.289,460.8021025731,2,6259561,1274.4915,6259561,1.2948607347,1,1,1.2948607347,2,460.8021025731
soli0_square5,pnml,chain-prev,sat-like,1,32.406,3.7133129862,10,95181,17.805,95181,1.8200505476,1,1,1.8200505476,10,3.7133129862
sorter.1,dve2C,chain-prev,sat-loop,20,0.165,0.0411636301,10,1697,0.1453333333,1697,1.1353211009,1,1,1.1353211009,10,0.0411636301
sorter.2,dve2C,chain-prev,sat-loop,20,0.133,0.0316403399,10,1260,0.101,1260,1.3168316832,1,1,1.3168316832,10,0.0316403399
sorter.3,dve2C,chain-prev,sat-like,5,2.487,0.3192021303,10,20166,2.487,20166,1,1,1,1,10,0.3192021303
sorter.4,dve2C,chain-prev,sat-like,1,36.716,0.7817530158,10,34915,21.1323333333,34915,1.7374323706,1,1,1.7374323706,10,0.7817530158
sorter.5,dve2C,chain-prev,sat-like,1,2.116,0.0843537525,10,8018,1.559,8018,1.3572803079,1,1,1.3572803079,10,0.0843537525
SwimmingPool-1,pnml,chain-prev,sat-loop,5,0.113,0.008232726,10,6729,0.113,6729,1,1,1,1,10,0.008232726
SwimmingPool-2,pnml,chain-prev,sat-loop,5,1.176,0.1119722188,10,62174,1.176,62174,1,1,1,1,10,0.1119722188
SwimmingPool-3,pnml,chain-prev,sat-like,5,5.27,0.1825741858,10,254594,5.27,254594,1,1,1,1,10,0.1825741858
SwimmingPool-4,pnml,chain-prev,sat-loop,5,18.571,2.8482370766,10,718489,18.571,718489,1,1,1,1,10,2.8482370766
synapse.1,dve2C,chain-prev,sat-like,5,0.714,0.0676921134,10,13182,0.675,13182,1.0577777778,1,1,1.0577777778,10,0.0676921134
synapse.2,dve2C,chain-prev,sat-like,1,0.688,0.020976177,10,10011,0.673,10011,1.0222882615,1,1,1.0222882615,10,0.020976177
synapse.3,dve2C,bfs-prev,sat-like,1,2.129,0.2263944444,10,29215,2.123,29215,1.0028261894,1,1,1.0028261894,10,0.2263944444
synapse.4,dve2C,chain-prev,sat-like,1,8.408,1.6134834641,10,92305,6.577,92305,1.2783944047,1,1,1.2783944047,10,1.6134834641
synapse.5,dve2C,chain-prev,sat-like,1,2.11,0.0501109879,10,22810,2.11,22810,1,1,1,1,10,0.0501109879
synapse.6,dve2C,chain-prev,sat-like,1,4.692,0.0935473736,10,41006,4.061,41006,1.1553804482,1,1,1.1553804482,10,0.0935473736
synapse.7,dve2C,chain-prev,sat-loop,20,19.164,3.0996279347,10,161913,17.756,161913,1.079297139,1,1,1.079297139,10,3.0996279347
tcp10,pnml,chain,sat-loop,10,63.921,2.9106831959,10,912129,63.921,912129,1,1,1,1,10,2.9106831959
tcp5,pnml,chain,sat-loop,10,1.279,0.1513237882,10,27672,1.279,27672,1,1,1,1,10,0.1513237882
TokenRing-10-unfolded,pnml,chain-prev,sat-like,1,1.724,0.2396849784,10,3160,1.724,3160,1,1,1,1,10,0.2396849784
TokenRing-15-unfolded,pnml,chain-prev,sat-like,40,35.636,2.3236953329,10,12893,35.636,12893,1,1,1,1,10,2.3236953329
TokenRing-20-unfolded,pnml,chain-prev,sat-like,1,1198.645,777.187507037,4,,1198.645,,1,,,1,4,777.187507037
TokenRing-5-unfolded,pnml,chain-prev,sat-like,1,0.049,0.0073786479,10,475,0.049,475,1,1,1,1,10,0.0073786479
trg_1-20-0,pnml,chain-prev,none,,0.407,0.0419126075,10,7327,0.407,7327,1,1,1,1,10,0.0419126075
trg_1-50-0,pnml,chain-prev,sat-loop,2147483647,3.395,0.4744605574,40,38422,2.54,38422,1.3366141732,1,1,1.3366141732,40,0.4744605574
unf-8x8-4stageSEN-01,pnml,bfs-prev,sat-loop,2147483647,11.143,0.2590173739,10,71327,11.143,71327,1,1,1,1,10,0.2590173739
UtahNoC,pnml,chain-prev,sat-like,10,140.383,5.3566283965,10,43136,140.383,43136,1,1,1,1,10,5.3566283965
Vasy2003,pnml,chain,sat-loop,2147483647,130.884,4.3799446978,10,194929,49.614,194929,2.6380457129,1,1,2.6380457129,10,4.3799446978
