filename,filetype,order,saturation,sat.granularity,timeAvg,timeSd,solvedCount,peak.nodes,timeBest,memBest,timeMark,memMark,minMemMark,maxSolvedCount,minSd
2-10_phaseVariation,pnml,chain-prev,sat-loop,1,0.169,0.0144913767,10,3725,0.169,3723,1,1.0005372012,1.0005372012,10,0.0144913767
2D8_gradient_10x10_10,pnml,chain,sat-like,1,1.458,0.1536807658,10,6490,1.458,6490,1,1,1,10,0.1536807658
2D8_gradient_10x10_100,pnml,bfs-prev,sat-like,1,1407.427,632.1166489581,3,,1407.427,505000,1,,,3,632.1166489581
2D8_gradient_10x10_50,pnml,chain-prev,sat-like,1,46.255,2.5242039449,10,130050,46.255,130050,1,1,1,10,2.5242039449
2D8_gradient_20x20_10,pnml,chain,sat-like,5,30.428,3.4427566474,10,26290,30.428,26290,1,1,1,10,3.4427566474
2D8_gradient_30x30_10,pnml,chain-prev,sat-like,5,145.011,14.225858654,10,59290,145.011,59290,1,1,1,10,14.225858654
2D8_gradient_40x40_10,pnml,chain-prev,sat-like,20,1515.954,598.8226788587,2,,1515.954,,1,,,2,598.8226788587
2D8_gradient_5x5_10,pnml,chain,sat-like,1,0.104,0.010749677,10,1540,0.104,1540,1,1,1,10,0.010749677
2D8_gradient_5x5_100,pnml,bfs-prev,sat-like,1,24.508,1.339517326,10,118675,24.508,118675,1,1,1,10,1.339517326
2D8_gradient_5x5_150,pnml,bfs-prev,sat-like,1,82.662,4.8565140676,10,264250,82.662,264250,1,1,1,10,4.8565140676
2D8_gradient_5x5_200,pnml,bfs-prev,sat-like,1,383.991,497.5642382302,9,,383.991,,1,,,9,497.5642382302
2D8_gradient_5x5_50,pnml,bfs-prev,sat-like,1,3.824,0.4392721252,10,30600,3.824,30600,1,1,1,10,0.4392721252
5-10_phaseVariation,pnml,chain-prev,sat-like,1,39.695,6.3824538123,10,58336,39.695,33456,1,1.743663319,1.743663319,10,6.3824538123
adding.1,dve2C,bfs-prev,sat-loop,20,0.059,0.0056764621,10,3663,0.059,3221,1,1.1372244645,1.1372244645,10,0.0056764621
adding.2,dve2C,bfs-prev,sat-loop,10,18.41,0.5822561483,10,452040,18.41,376132,1,1.2018121298,1.2018121298,10,0.5822561483
adding.3,dve2C,bfs-prev,sat-like,80,58.677,2.2747163437,10,1043085,58.677,864201,1,1.2069935119,1.2069935119,10,2.2747163437
adding.4,dve2C,bfs-prev,sat-loop,10,131.966,4.172258115,10,1878827,131.966,1558102,1,1.2058433915,1.2058433915,10,4.172258115
adding.5,dve2C,bfs-prev,sat-loop,40,716.938,747.4151539331,7,2964405,716.938,2448215,1,1.2108434104,1.2108434104,7,747.4151539331
adding.6,dve2C,bfs-prev,sat-loop,40,1261.795,694.8205398079,4,,1261.795,4164989,1,,,4,694.8205398079
afcs_01_a,pnml,chain,sat-loop,10,0.011,0.0056764621,10,232,0.011,155,1,1.4967741935,1.4967741935,10,0.0056764621
afcs_01_b,pnml,chain,sat-like,5,0.781,0.0960844536,10,6351,0.781,6057,1,1.0485388806,1.0485388806,10,0.0960844536
afcs_02_a,pnml,chain,sat-like,1,0.025,0.0052704628,10,407,0.025,407,1,1,1,10,0.0052704628
afcs_02_b,pnml,chain-prev,sat-like,5,26.645,2.1654111747,10,104261,26.645,103841,1,1.0040446452,1.0040446452,10,2.1654111747
afcs_03_a,pnml,chain,sat-like,5,0.185,0.0206827894,10,1310,0.185,1310,1,1,1,10,0.0206827894
afcs_03_b,pnml,chain-prev,sat-like,5,133.895,7.1225436312,10,478655,133.895,478648,1,1.0000146245,1.0000146245,10,7.1225436312
afcs_04_a,pnml,chain,sat-like,5,0.403,0.0249666444,10,3985,0.403,3985,1,1,1,10,0.0249666444
afcs_05_a,pnml,chain,sat-like,5,1.324,0.1562192192,10,5620,1.324,5620,1,1,1,10,0.1562192192
afcs_06_a,pnml,chain,sat-like,5,2.642,0.0862554346,10,23832,2.642,23832,1,1,1,10,0.0862554346
afcs_12_a,pnml,chain-prev,sat-like,1,6.437,0.4962313529,10,3793,6.437,3793,1,1,1,10,0.4962313529
afcs_24_a,pnml,chain-prev,sat-like,1,81.89,4.3684983436,10,12469,81.89,12469,1,1,1,10,4.3684983436
AirplaneLD-pt-0010,pnml,chain,sat-loop,20,0.033,0.008232726,10,455,0.033,455,1,1,1,10,0.008232726
AirplaneLD-pt-0020,pnml,chain-prev,sat-loop,20,0.105,0.0052704628,10,854,0.105,854,1,1,1,10,0.0052704628
AirplaneLD-pt-0050,pnml,chain,sat-loop,80,0.544,0.0236643191,10,2039,0.544,2039,1,1,1,10,0.0236643191
AirplaneLD-pt-0100,pnml,chain-prev,sat-loop,20,2.042,0.2017038533,10,4035,2.042,4035,1,1,1,10,0.2017038533
AirplaneLD-pt-0200,pnml,chain-prev,sat-loop,40,7.94,0.5867424194,10,7985,7.94,7985,1,1,1,10,0.5867424194
AirplaneLD-pt-0500,pnml,chain-prev,sat-loop,10,52.97,5.6297779708,10,19835,52.97,19835,1,1,1,10,5.6297779708
AirplaneLD-pt-1000,pnml,bfs-prev,sat-loop,40,1396.904,649.0473589329,3,,1396.904,,1,,,3,649.0473589329
anderson.1,dve2C,bfs-prev,sat-loop,5,3.446,0.0915544768,10,40659,3.446,40656,1,1.0000737898,1.0000737898,10,0.0915544768
anderson.2,dve2C,chain-prev,sat-like,1,0.023,0.0067494856,10,588,0.023,588,1,1,1,10,0.0067494856
anderson.3,dve2C,bfs-prev,sat-like,2147483647,1273.991,679.0747798038,4,,1273.991,,1,,,4,679.0747798038
anderson.4,dve2C,chain-prev,sat-like,1,0.145,0.0052704628,10,3399,0.145,2808,1,1.2104700855,1.2104700855,10,0.0052704628
anderson.6,dve2C,bfs-prev,sat-like,1,5.56,0.1345775283,10,92177,5.56,56618,1,1.6280511498,1.6280511498,10,0.1345775283
anderson.8,dve2C,bfs-prev,sat-like,1,35.278,0.8797954308,10,487297,35.278,393528,1,1.2382778354,1.2382778354,10,0.8797954308
angiogenesis-01,pnml,chain-prev,sat-loop,2147483647,0.02,0.0047140452,10,343,0.02,323,1,1.0619195046,1.0619195046,10,0.0047140452
angiogenesis-05,pnml,chain,sat-like,5,1.347,0.1699705857,10,19000,1.347,17626,1,1.0779530239,1.0779530239,10,0.1699705857
angiogenesis-10,pnml,chain,sat-like,5,27.479,3.1448704266,10,230138,27.479,229164,1,1.0042502313,1.0042502313,10,3.1448704266
angiogenesis-15,pnml,chain,sat-like,5,404.542,490.3617340925,9,1269833,404.542,1269833,1,1,1,9,490.3617340925
at.1,dve2C,chain-prev,sat-like,1,0.152,0.0078881064,10,2933,0.152,2771,1,1.0584626489,1.0584626489,10,0.0078881064
at.2,dve2C,chain-prev,sat-like,1,0.205,0.0084983659,10,3480,0.205,3414,1,1.0193321617,1.0193321617,10,0.0084983659
at.3,dve2C,chain-prev,sat-like,1,2.707,0.0605621811,10,38612,2.707,38612,1,1,1,10,0.0605621811
at.4,dve2C,bfs-prev,sat-like,1,4.405,0.1687371394,10,51280,4.405,51280,1,1,1,10,0.1687371394
at.5,dve2C,chain-prev,sat-like,1,14.987,0.607674072,10,184322,14.987,184322,1,1,1,10,0.607674072
at.6,dve2C,chain-prev,sat-like,1,76.956,1.691608045,10,785836,76.956,785836,1,1,1,10,1.691608045
at.7,dve2C,chain-prev,sat-like,1,109.442,2.9379425908,10,,109.442,1075423,1,,,10,2.9379425908
blocks.2,dve2C,bfs-prev,sat-like,40,0.172,0.0078881064,10,3066,0.172,2996,1,1.023364486,1.023364486,10,0.0078881064
blocks.3,dve2C,bfs-prev,sat-loop,5,14.005,0.4677428068,10,56599,14.005,55595,1,1.018059178,1.018059178,10,0.4677428068
bopdp.1,dve2C,chain-prev,sat-like,1,0.226,0.0171269768,10,2497,0.226,2497,1,1,1,10,0.0171269768
bopdp.2,dve2C,chain-prev,sat-like,1,0.202,0.0078881064,10,1476,0.202,1471,1,1.0033990483,1.0033990483,10,0.0078881064
bopdp.3,dve2C,chain-prev,sat-loop,20,0.801,0.0417532434,10,5373,0.801,5322,1,1.0095828636,1.0095828636,10,0.0417532434
bridge.1,dve2C,bfs-prev,sat-loop,20,0.072,0.0078881064,10,1538,0.072,1527,1,1.0072036673,1.0072036673,10,0.0078881064
bridge.2,dve2C,bfs-prev,sat-loop,20,1.008,0.0229975844,10,15631,1.008,14585,1,1.071717518,1.071717518,10,0.0229975844
bridge.3,dve2C,bfs-prev,sat-loop,20,4.407,0.1037143513,10,54308,4.407,54308,1,1,1,10,0.1037143513
BridgeAndVehicles-V04-P05-N02-unfolded,pnml,chain-prev,sat-like,1,0.125,0.0271825107,10,2966,0.125,2966,1,1,1,10,0.0271825107
BridgeAndVehicles-V10-P10-N10-unfolded,pnml,bfs-prev,sat-like,5,13.087,1.0547990857,10,88849,13.087,88471,1,1.0042725865,1.0042725865,10,1.0547990857
BridgeAndVehicles-V20-P10-N10-unfolded,pnml,chain-prev,sat-like,5,198.418,11.5805707017,10,566212,198.418,566212,1,1,1,10,11.5805707017
BridgeAndVehicles-V20-P10-N20-unfolded,pnml,bfs-prev,sat-like,10,1692.452,340.0966377958,1,,1692.452,,1,,,1,340.0966377958
BridgeAndVehicles-V20-P20-N10-unfolded,pnml,chain-prev,sat-like,5,196.893,10.3165380175,10,,196.893,562997,1,,,10,10.3165380175
brp2.1,dve2C,chain-prev,sat-like,2147483647,0.973,0.0309300286,10,27686,0.973,27663,1,1.0008314355,1.0008314355,10,0.0309300286
brp2.2,dve2C,chain-prev,sat-loop,20,1.526,0.0389301369,10,39255,1.526,39160,1,1.0024259448,1.0024259448,10,0.0389301369
brp2.3,dve2C,chain-prev,sat-like,80,0.945,0.0350396601,10,26627,0.945,26605,1,1.0008269122,1.0008269122,10,0.0350396601
brp2.4,dve2C,chain-prev,sat-loop,20,6.824,0.2298405244,10,187280,6.824,187130,1,1.0008015818,1.0008015818,10,0.2298405244
brp2.5,dve2C,chain-prev,sat-loop,80,4.686,0.080581222,10,105490,4.686,105382,1,1.001024843,1.001024843,10,0.080581222
brp2.6,dve2C,chain-prev,sat-loop,40,44.374,1.425117539,10,863867,44.374,863477,1,1.0004516623,1.0004516623,10,1.425117539
cambridge.1,dve2C,chain-prev,sat-loop,10,0.255,0.0690008051,10,2781,0.255,2781,1,1,1,10,0.0690008051
cambridge.2,dve2C,chain-prev,sat-loop,10,0.281,0.01197219,10,3399,0.281,3399,1,1,1,10,0.01197219
cambridge.3,dve2C,chain-prev,sat-loop,5,0.267,0.0105934991,10,3836,0.267,3737,1,1.0264918384,1.0264918384,10,0.0105934991
cambridge.4,dve2C,chain-prev,sat-like,1,0.852,0.1190518095,10,8323,0.852,6545,1,1.271657754,1.271657754,10,0.1190518095
cambridge.5,dve2C,chain-prev,sat-loop,20,9.143,0.1462152143,10,29227,9.143,29227,1,1,1,10,0.1462152143
cambridge.6,dve2C,bfs-prev,sat-like,1,43.082,1.3453690118,10,69647,43.082,69647,1,1,1,10,1.3453690118
cambridge.7,dve2C,bfs-prev,sat-loop,20,154.933,3.6951200552,10,179526,154.933,141436,1,1.2693090868,1.2693090868,10,3.6951200552
circadian_clock-000001,pnml,chain,sat-like,1,0.005,0.0084983659,10,40,0.005,36,1,1.1111111111,1.1111111111,10,0.0084983659
circadian_clock-000010,pnml,chain-prev,sat-like,1,0.023,0.0048304589,10,284,0.023,254,1,1.1181102362,1.1181102362,10,0.0048304589
circadian_clock-000100,pnml,chain,sat-loop,10,5.379,0.3310068814,10,6869,5.379,6869,1,1,1,10,0.3310068814
CircularTrain-012,pnml,chain,sat-like,10,0.007,0.008232726,10,282,0.007,279,1,1.0107526882,1.0107526882,10,0.008232726
CircularTrain-024,pnml,chain,sat-like,10,0.057,0.008232726,10,1348,0.057,1319,1,1.0219863533,1.0219863533,10,0.008232726
CircularTrain-048,pnml,chain,sat-like,5,0.638,0.0511642236,10,9239,0.638,7749,1,1.1922828752,1.1922828752,10,0.0511642236
CircularTrain-096,pnml,chain,sat-like,5,9.548,1.1864681482,10,66405,9.548,55526,1,1.1959262328,1.1959262328,10,1.1864681482
CircularTrain-192,pnml,chain,sat-like,5,369.13,502.8882687702,9,,369.13,497050,1,,,9,502.8882687702
closed_system1,pnml,chain-prev,sat-like,5,0.853,0.1459109317,10,4841,0.853,4785,1,1.0117032393,1.0117032393,10,0.1459109317
closed_system2,pnml,chain-prev,sat-like,5,2.117,0.3416317055,10,9763,2.117,9688,1,1.0077415359,1.0077415359,10,0.3416317055
closed_system3,pnml,chain-prev,sat-like,5,3.114,0.2922403881,10,11850,3.114,11625,1,1.0193548387,1.0193548387,10,0.2922403881
closed_system4,pnml,chain-prev,sat-like,5,3.017,0.3166508768,10,13306,3.017,12397,1,1.0733241913,1.0733241913,10,0.3166508768
closed_system5,pnml,chain-prev,sat-like,10,2.331,0.108571533,10,11313,2.331,11095,1,1.0196484903,1.0196484903,10,0.108571533
collision.1,dve2C,chain-prev,sat-like,1,0.039,0.0031622777,10,309,0.039,309,1,1,1,10,0.0031622777
collision.2,dve2C,chain-prev,sat-like,1,0.057,0.0067494856,10,344,0.057,339,1,1.0147492625,1.0147492625,10,0.0067494856
collision.3,dve2C,chain-prev,sat-like,1,0.261,0.0137032032,10,1894,0.261,1881,1,1.0069112174,1.0069112174,10,0.0137032032
collision.4,dve2C,chain-prev,sat-like,1,1.187,0.0275075747,10,11255,1.187,11077,1,1.0160693329,1.0160693329,10,0.0275075747
collision.5,dve2C,bfs-prev,sat-like,1,3.226,0.0623965811,10,26291,3.226,26291,1,1,1,10,0.0623965811
collision.6,dve2C,chain-prev,sat-like,1,11.114,0.2311420919,10,94031,11.114,90452,1,1.0395679476,1.0395679476,10,0.2311420919
cs_repetitions-2-unfolded,pnml,chain,sat-loop,20,0.03,0.0047140452,10,751,0.03,688,1,1.0915697674,1.0915697674,10,0.0047140452
cs_repetitions-3-unfolded,pnml,chain,sat-like,10,2.474,0.60400883,10,18958,2.474,10411,1,1.8209586015,1.8209586015,10,0.60400883
cs_repetitions-4-unfolded,pnml,chain,sat-like,20,49.91,2.6084733722,10,239083,49.91,91162,1,2.6226168798,2.6226168798,10,2.6084733722
cyclic_scheduler.1,dve2C,chain-prev,sat-like,10,0.018,0.0042163702,10,221,0.018,221,1,1,1,10,0.0042163702
cyclic_scheduler.2,dve2C,chain,sat-like,1,0.015,0.0052704628,10,275,0.015,197,1,1.3959390863,1.3959390863,10,0.0052704628
cyclic_scheduler.3,dve2C,chain,sat-like,1,0.039,0.0073786479,10,461,0.039,373,1,1.235924933,1.235924933,10,0.0073786479
cyclic_scheduler.4,dve2C,chain-prev,sat-loop,80,0.046,0.0051639778,10,411,0.046,411,1,1,1,10,0.0051639778
database2UNFOLD,pnml,chain,sat-like,5,0.01,0.0047140452,10,170,0.01,170,1,1,1,10,0.0047140452
database4UNFOLD,pnml,bfs,sat-like,5,30.712,1.7603585493,10,502348,30.712,394610,1,1.2730239984,1.2730239984,10,1.7603585493
dekker-10,pnml,chain-prev,sat-like,5,0.492,0.0532916504,10,6624,0.492,6624,1,1,1,10,0.0532916504
dekker-15,pnml,chain-prev,sat-like,10,23.347,0.7993476507,10,174024,23.347,174024,1,1,1,10,0.7993476507
deploy_2_a,pnml,chain,sat-loop,5,0.111,0.0144913767,10,560,0.111,492,1,1.1382113821,1.1382113821,10,0.0144913767
deploy_3_a,pnml,chain-prev,sat-loop,40,0.281,0.0334829973,10,924,0.281,891,1,1.037037037,1.037037037,10,0.0334829973
deploy_4_a,pnml,chain,sat-loop,5,1.586,0.1197404601,10,3345,1.586,2633,1,1.2704139765,1.2704139765,10,0.1197404601
deploy_5_a,pnml,chain,sat-loop,20,2.954,0.7088833159,10,6675,2.954,3279,1,2.0356816102,2.0356816102,10,0.7088833159
deploy_6_a,pnml,chain,sat-loop,1,8.465,1.068168214,10,9184,8.465,6962,1,1.3191611606,1.3191611606,10,1.068168214
deploy_7_a,pnml,chain,sat-like,80,22.993,2.2029931659,10,19842,22.993,19842,1,1,1,10,2.2029931659
des_00_a,pnml,chain,sat-like,10,9.082,1.0007530498,10,78005,9.082,72416,1,1.0771790764,1.0771790764,10,1.0007530498
des_01_a,pnml,chain,sat-like,5,1.334,0.1462266126,10,31278,1.334,31278,1,1,1,10,0.1462266126
des_02_a,pnml,chain,sat-like,40,7.037,0.3011109061,10,111361,7.037,105903,1,1.0515377279,1.0515377279,10,0.3011109061
distributeur-01-unfolded-02,pnml,chain,sat-like,80,0.016,0.0051639778,10,114,0.016,79,1,1.4430379747,1.4430379747,10,0.0051639778
dlcsh_2_a,pnml,chain-prev,sat-loop,80,158.253,6.071101035,10,693866,158.253,693866,1,1,1,10,6.071101035
dnawalk-01,pnml,bfs-prev,sat-loop,40,0.035,0.0052704628,10,499,0.035,412,1,1.2111650485,1.2111650485,10,0.0052704628
dnawalk-02,pnml,chain,sat-loop,1,0.031,0.01197219,10,422,0.031,376,1,1.1223404255,1.1223404255,10,0.01197219
dnawalk-03,pnml,chain,none,,0.033,0.008232726,10,487,0.033,388,1,1.2551546392,1.2551546392,10,0.008232726
dnawalk-04,pnml,bfs-prev,sat-loop,20,1.161,0.0268535121,10,7450,1.161,4986,1,1.4941837144,1.4941837144,10,0.0268535121
dnawalk-05,pnml,bfs-prev,sat-like,10,3.416,0.3289444398,10,10035,3.416,7306,1,1.3735286066,1.3735286066,10,0.3289444398
dnawalk-06,pnml,bfs-prev,sat-like,10,3.348,0.2832274312,10,10239,3.348,7689,1,1.3316426063,1.3316426063,10,0.2832274312
dnawalk-07,pnml,bfs-prev,sat-like,10,2.628,0.3131843617,10,11644,2.628,11644,1,1,1,10,0.3131843617
dnawalk-08,pnml,chain-prev,sat-like,5,3.038,0.2316031088,10,10904,3.038,9227,1,1.1817492143,1.1817492143,10,0.2316031088
dnawalk-09,pnml,chain-prev,sat-like,1,2.325,0.0356682243,10,6242,2.325,6242,1,1,1,10,0.0356682243
dnawalk-10,pnml,chain,sat-like,5,2.625,0.3403021533,10,12967,2.625,9538,1,1.3595093311,1.3595093311,10,0.3403021533
dnawalk-11,pnml,chain,sat-like,5,2.141,0.2563612902,10,7034,2.141,5159,1,1.3634425276,1.3634425276,10,0.2563612902
dnawalk-12,pnml,chain,sat-loop,20,11.297,0.6436881578,10,34462,11.297,24274,1,1.4197083299,1.4197083299,10,0.6436881578
dnawalk-13,pnml,bfs-prev,sat-like,20,14.106,1.0044146997,10,49028,14.106,49028,1,1,1,10,1.0044146997
dnawalk-14,pnml,bfs-prev,sat-loop,20,16.468,1.0263181227,10,39767,16.468,36253,1,1.0969299092,1.0969299092,10,1.0263181227
dnawalk-15,pnml,chain,sat-like,20,6.711,0.6602263921,10,23719,6.711,19321,1,1.2276279696,1.2276279696,10,0.6602263921
elevator.1,dve2C,bfs-prev,sat-like,1,0.391,0.0179195734,10,9506,0.391,9155,1,1.0383397051,1.0383397051,10,0.0179195734
elevator.2,dve2C,chain-prev,sat-like,1,0.116,0.0051639778,10,2939,0.116,2939,1,1,1,10,0.0051639778
elevator2.1,dve2C,chain,sat-like,1,0.01,0.0047140452,10,254,0.01,251,1,1.0119521912,1.0119521912,10,0.0047140452
elevator2.2,dve2C,chain-prev,sat-like,1,0.041,0.0087559504,10,698,0.041,685,1,1.0189781022,1.0189781022,10,0.0087559504
elevator2.3,dve2C,chain,sat-like,1,1.112,0.0571158666,10,1685,1.112,932,1,1.8079399142,1.8079399142,10,0.0571158666
elevator.3,dve2C,bfs-prev,sat-like,1,7.542,0.2552036224,10,167481,7.542,167403,1,1.0004659415,1.0004659415,10,0.2552036224
elevator.4,dve2C,bfs-prev,sat-like,1,13.637,0.2865910753,10,228157,13.637,221558,1,1.0297845259,1.0297845259,10,0.2865910753
EnergyBus,pnml,chain-prev,sat-like,5,139.209,7.4013308863,10,,139.209,,1,,,10,7.4013308863
erk-000001,pnml,bfs,sat-like,1,0.004,0.0051639778,10,28,0.004,28,1,1,1,10,0.0051639778
erk-000010,pnml,bfs,sat-loop,1,0.024,0.006992059,10,946,0.024,871,1,1.0861079219,1.0861079219,10,0.006992059
erk-000100,pnml,chain-prev,sat-like,5,67.136,2.0246162874,10,374611,67.136,374611,1,1,1,10,2.0246162874
exit.1,dve2C,chain-prev,sat-loop,40,1.07,0.0266666667,10,29125,1.07,28844,1,1.0097420607,1.0097420607,10,0.0266666667
exit.2,dve2C,chain,sat-like,40,0.26,0.0094280904,10,3745,0.26,3303,1,1.1338177414,1.1338177414,10,0.0094280904
exit.3,dve2C,chain-prev,sat-like,1,2.64,0.1623439422,10,27153,2.64,27153,1,1,1,10,0.1623439422
exit.4,dve2C,chain-prev,sat-like,1,84.709,2.3387244862,10,615433,84.709,615433,1,1,1,10,2.3387244862
exit.5,dve2C,chain,sat-loop,80,0.743,0.0266874919,10,11845,0.743,11845,1,1,1,10,0.0266874919
extinction.1,dve2C,chain-prev,sat-loop,20,0.25,0.0066666667,10,4972,0.25,4927,1,1.0091333469,1.0091333469,10,0.0066666667
extinction.2,dve2C,chain-prev,sat-loop,40,0.416,0.0117378779,10,8722,0.416,8577,1,1.016905678,1.016905678,10,0.0117378779
extinction.3,dve2C,chain-prev,sat-like,1,1.615,0.0395108986,10,29352,1.615,29247,1,1.0035901118,1.0035901118,10,0.0395108986
extinction.4,dve2C,chain-prev,sat-like,1,11.993,0.1294475441,10,155741,11.993,155741,1,1,1,10,0.1294475441
firewire_link.2,dve2C,chain-prev,sat-like,1,0.842,0.0248551358,10,5132,0.842,5113,1,1.003716018,1.003716018,10,0.0248551358
firewire_link.3,dve2C,chain-prev,sat-like,1,30.335,0.8774236276,10,112016,30.335,112016,1,1,1,10,0.8774236276
firewire_link.5,dve2C,chain-prev,sat-like,1,21.265,0.2891462529,10,96933,21.265,96933,1,1,1,10,0.2891462529
fischer.1,dve2C,chain-prev,sat-like,40,0.012,0.0063245553,10,278,0.012,270,1,1.0296296296,1.0296296296,10,0.0063245553
fischer.2,dve2C,chain-prev,sat-like,1,0.06,0.0066666667,10,1213,0.06,1213,1,1,1,10,0.0066666667
fischer.3,dve2C,bfs-prev,sat-like,1,1.016,0.0263312235,10,8902,1.016,8902,1,1,1,10,0.0263312235
fischer.4,dve2C,chain-prev,sat-like,1,0.698,0.0282055944,10,13790,0.698,13790,1,1,1,10,0.0282055944
fischer.5,dve2C,bfs-prev,sat-like,1,7.257,0.2208594324,10,65138,7.257,65138,1,1,1,10,0.2208594324
fischer.6,dve2C,chain-prev,sat-like,1,1.745,0.0777817459,10,29648,1.745,29648,1,1,1,10,0.0777817459
fischer.7,dve2C,bfs-prev,sat-like,1,10.935,0.3093811026,10,96473,10.935,96473,1,1,1,10,0.3093811026
FMS-10,pnml,chain,sat-like,1,0.041,0.0031622777,10,1447,0.041,1437,1,1.0069589422,1.0069589422,10,0.0031622777
FMS-100,pnml,chain-prev,sat-like,1,19.354,1.9733006754,10,264727,19.354,264627,1,1.0003778904,1.0003778904,10,1.9733006754
FMS-2,pnml,chain,none,,0.006,0.006992059,10,123,0.006,123,1,1,1,10,0.006992059
FMS-20,pnml,chain-prev,sat-like,1,0.194,0.0157762128,10,5767,0.194,5747,1,1.0034800766,1.0034800766,10,0.0157762128
FMS-200,pnml,chain-prev,sat-like,1,189.342,13.1357813285,10,,189.342,,1,,,10,13.1357813285
FMS-5,pnml,chain,sat-like,1,0.014,0.0051639778,10,437,0.014,432,1,1.0115740741,1.0115740741,10,0.0051639778
FMS-50,pnml,bfs-prev,sat-like,1,2.388,0.2556386338,10,46127,2.388,46077,1,1.0010851401,1.0010851401,10,0.2556386338
galloc_res-3,pnml,chain-prev,sat-like,1,56.974,3.8611115268,10,,56.974,,1,,,10,3.8611115268
gear.1,dve2C,bfs-prev,sat-like,80,0.104,0.006992059,10,3301,0.104,3288,1,1.0039537713,1.0039537713,10,0.006992059
gear.2,dve2C,bfs-prev,sat-loop,40,0.582,0.013984118,10,16401,0.582,16338,1,1.0038560411,1.0038560411,10,0.013984118
G-PPP-1000-10,pnml,chain-prev,sat-loop,40,4.57,0.2206555888,10,44655,4.57,44655,1,1,1,10,0.2206555888
G-PPP-1000-100,pnml,bfs-prev,sat-like,1,0.296,0.0236643191,10,9666,0.296,9666,1,1,1,10,0.0236643191
G-PPP-1000-1000,pnml,bfs-prev,sat-like,1,25.574,2.1834844731,10,96066,25.574,96066,1,1,1,10,2.1834844731
G-PPP-100-10,pnml,chain-prev,sat-like,40,4.576,0.2955672512,10,44655,4.576,44655,1,1,1,10,0.2955672512
G-PPP-100-100,pnml,bfs-prev,sat-like,1,0.303,0.0302030168,10,9666,0.303,9666,1,1,1,10,0.0302030168
G-PPP-100-1000,pnml,bfs-prev,sat-like,1,0.286,0.0096609178,10,9668,0.286,9668,1,1,1,10,0.0096609178
G-PPP-100-10000,pnml,chain-prev,sat-like,1,0.295,0.0126929552,10,9668,0.295,9668,1,1,1,10,0.0126929552
G-PPP-100-100000,pnml,bfs-prev,sat-like,1,0.286,0.0134989712,10,9668,0.286,9668,1,1,1,10,0.0134989712
G-PPP-10-10,pnml,chain-prev,sat-loop,2147483647,4.92,0.4747865017,10,58001,4.92,56649,1,1.0238662642,1.0238662642,10,0.4747865017
G-PPP-10-100,pnml,chain-prev,sat-like,40,6.609,0.3094960061,10,64121,6.609,61199,1,1.0477458782,1.0477458782,10,0.3094960061
G-PPP-1-1,pnml,chain-prev,sat-like,10,0.042,0.0078881064,10,1426,0.042,1426,1,1,1,10,0.0078881064
G-PPP-1-10,pnml,chain,sat-like,20,0.162,0.0113529242,10,3835,0.162,3516,1,1.0907281001,1.0907281001,10,0.0113529242
G-PPP-1-100,pnml,chain-prev,sat-loop,20,2.358,0.2295309226,10,5209,2.358,4932,1,1.0561638281,1.0561638281,10,0.2295309226
G-PPP-1-1000,pnml,chain-prev,sat-like,20,212.868,13.5192848266,10,26809,212.868,23605,1,1.1357339547,1.1357339547,10,13.5192848266
hanoi.1,dve2C,bfs-prev,sat-loop,40,0.995,0.0362859018,10,15950,0.995,15950,1,1,1,10,0.0362859018
hanoi.2,dve2C,bfs-prev,sat-like,2147483647,110.681,4.9098188471,10,595539,110.681,594970,1,1.0009563507,1.0009563507,10,4.9098188471
HouseConstruction-002,pnml,chain,sat-loop,20,0.013,0.0048304589,10,349,0.013,349,1,1,1,10,0.0048304589
HouseConstruction-005,pnml,chain-prev,sat-like,5,0.093,0.0133749351,10,3176,0.093,3176,1,1,1,10,0.0133749351
HouseConstruction-010,pnml,chain-prev,sat-like,5,0.992,0.0970452357,10,30151,0.992,30151,1,1,1,10,0.0970452357
HouseConstruction-020,pnml,chain-prev,sat-like,5,20.711,2.0203489798,10,428701,20.711,428701,1,1,1,10,2.0203489798
HouseConstruction-050,pnml,bfs-prev,sat-like,1,137.712,8.6477431866,10,2087626,137.712,2087626,1,1,1,10,8.6477431866
ht_d2k1p8b00,pnml,chain-prev,sat-loop,10,0.147,0.008232726,10,4375,0.147,3731,1,1.1726078799,1.1726078799,10,0.008232726
ht_d2k2p1b00,pnml,chain,sat-like,1,2.089,0.053634566,10,8407,2.089,8407,1,1,1,10,0.053634566
IBM319,pnml,chain-prev,sat-like,10,0.189,0.0185292561,10,1171,0.189,1171,1,1,1,10,0.0185292561
IBM5964,pnml,chain,sat-like,20,0.105,0.0052704628,10,1029,0.105,961,1,1.0707596254,1.0707596254,10,0.0052704628
IBM703,pnml,chain-prev,sat-like,10,0.268,0.018135294,10,1192,0.268,1192,1,1,1,10,0.018135294
IBMB2S565S3960,pnml,chain-prev,sat-like,5,50.964,2.8795879335,10,607749,50.964,604538,1,1.0053114941,1.0053114941,10,2.8795879335
IOTP_c1m1p1d1,pnml,chain,sat-like,5,0.052,0.0078881064,10,811,0.052,720,1,1.1263888889,1.1263888889,10,0.0078881064
IOTP_c3m3p3d3,pnml,chain,sat-like,5,1.401,0.1240474819,10,10534,1.401,9165,1,1.1493726132,1.1493726132,10,0.1240474819
IOTP_c5m4p3d2,pnml,bfs-prev,sat-like,5,3.913,0.1476519933,10,26959,3.913,23399,1,1.152143254,1.152143254,10,0.1476519933
iprotocol.1,dve2C,chain-prev,sat-like,1,0.041,0.0056764621,10,716,0.041,665,1,1.0766917293,1.0766917293,10,0.0056764621
iprotocol.2,dve2C,chain-prev,sat-like,1,0.096,0.0096609178,10,1635,0.096,1635,1,1,1,10,0.0096609178
iprotocol.3,dve2C,chain-prev,sat-like,1,1.074,0.1002441464,10,17132,1.074,17132,1,1,1,10,0.1002441464
iprotocol.4,dve2C,bfs-prev,sat-like,1,3.149,0.0730981076,10,60082,3.149,57769,1,1.0400387751,1.0400387751,10,0.0730981076
iprotocol.5,dve2C,chain-prev,sat-like,5,17.36,2.450936329,10,290711,17.36,285601,1,1.0178920942,1.0178920942,10,2.450936329
iprotocol.6,dve2C,chain-prev,sat-like,5,6.662,1.1103032619,10,100311,6.662,98220,1,1.0212889432,1.0212889432,10,1.1103032619
iprotocol.7,dve2C,chain-prev,sat-like,10,17.011,1.4268025636,10,309763,17.011,309763,1,1,1,10,1.4268025636
Kanban-10,pnml,chain,sat-loop,5,0.321,0.0099442893,10,3110,0.321,1452,1,2.1418732782,2.1418732782,10,0.0099442893
Kanban-20,pnml,chain,sat-like,5,6.82,0.513874174,10,7287,6.82,7287,1,1,1,10,0.513874174
Kanban-5,pnml,chain,sat-like,5,0.031,0.0073786479,10,382,0.031,382,1,1,1,10,0.0073786479
Kanban-50,pnml,chain,sat-like,10,1673.155,401.1191098041,1,,1673.155,,1,,,1,401.1191098041
krebs.1,dve2C,chain-prev,sat-like,5,0.051,0.0110050493,10,1637,0.051,1633,1,1.0024494795,1.0024494795,10,0.0110050493
krebs.2,dve2C,bfs-prev,sat-like,5,0.384,0.0295145915,10,6670,0.384,6670,1,1,1,10,0.0295145915
krebs.3,dve2C,chain-prev,sat-like,5,1.412,0.0960092588,10,25296,1.412,25296,1,1,1,10,0.0960092588
krebs.4,dve2C,bfs-prev,sat-like,1,1.833,0.0852512626,10,53350,1.833,43172,1,1.2357546558,1.2357546558,10,0.0852512626
lamport.1,dve2C,chain-prev,sat-like,1,0.086,0.0084327404,10,906,0.086,906,1,1,1,10,0.0084327404
lamport.2,dve2C,chain-prev,sat-like,1,0.384,0.0157762128,10,4126,0.384,4126,1,1,1,10,0.0157762128
lamport.3,dve2C,chain-prev,sat-like,1,0.135,0.0108012345,10,1335,0.135,1328,1,1.0052710843,1.0052710843,10,0.0108012345
lamport.5,dve2C,chain-prev,sat-like,1,0.656,0.0772010363,10,5553,0.656,5553,1,1,1,10,0.0772010363
lamport.6,dve2C,bfs-prev,sat-like,1,10.506,0.3169717828,10,102412,10.506,101861,1,1.0054093323,1.0054093323,10,0.3169717828
lamport.7,dve2C,chain-prev,sat-like,1,5.395,0.1422243923,10,51548,5.395,51548,1,1,1,10,0.1422243923
lamport.8,dve2C,chain-prev,sat-like,1,15.189,0.283095979,10,92751,15.189,92751,1,1,1,10,0.283095979
lamport_fmea-2,pnml,chain-prev,sat-loop,40,0.087,0.008232726,10,906,0.087,895,1,1.0122905028,1.0122905028,10,0.008232726
lamport_fmea-3,pnml,chain-prev,sat-loop,40,1.132,0.1221838324,10,7519,1.132,7434,1,1.0114339521,1.0114339521,10,0.1221838324
lamport_fmea-4,pnml,chain-prev,sat-like,20,21.386,2.2698810542,10,70389,21.386,70058,1,1.0047246567,1.0047246567,10,2.2698810542
lamport_fmea-5,pnml,bfs-prev,sat-like,1,1362.945,703.729148801,3,,1362.945,730501,1,,,3,703.729148801
lamport_nonatomic.1,dve2C,chain-prev,sat-like,1,0.075,0.0097182532,10,649,0.075,649,1,1,1,10,0.0097182532
lamport_nonatomic.2,dve2C,chain,sat-like,1,0.07,0.0066666667,10,608,0.07,608,1,1,1,10,0.0066666667
lamport_nonatomic.3,dve2C,chain-prev,sat-like,1,0.081,0.0056764621,10,677,0.081,677,1,1,1,10,0.0056764621
lamport_nonatomic.4,dve2C,chain-prev,sat-like,1,0.925,0.0540061725,10,6166,0.925,6166,1,1,1,10,0.0540061725
lamport_nonatomic.5,dve2C,chain-prev,sat-like,1,14.014,0.13048627,10,76065,14.014,75955,1,1.0014482259,1.0014482259,10,0.13048627
lann.1,dve2C,chain-prev,sat-like,1,0.156,0.0084327404,10,2851,0.156,2836,1,1.0052891396,1.0052891396,10,0.0084327404
lann.2,dve2C,chain-prev,sat-like,1,0.035,0.0052704628,10,824,0.035,824,1,1,1,10,0.0052704628
lann.3,dve2C,chain,sat-loop,10,0.695,0.0320589734,10,4416,0.695,4370,1,1.0105263158,1.0105263158,10,0.0320589734
lann.4,dve2C,chain-prev,sat-like,1,1.598,0.0709929574,10,36345,1.598,34098,1,1.0658982932,1.0658982932,10,0.0709929574
lann.5,dve2C,chain,sat-like,1,0.177,0.009486833,10,3711,0.177,3346,1,1.1090854752,1.1090854752,10,0.009486833
lann.6,dve2C,chain,sat-loop,10,32.457,0.7135210034,10,275932,32.457,268775,1,1.0266282206,1.0266282206,10,0.7135210034
lann.7,dve2C,chain-prev,sat-like,5,5.758,0.4495874652,10,20752,5.758,17507,1,1.1853544297,1.1853544297,10,0.4495874652
leader_election.1,dve2C,chain-prev,sat-like,1,0.104,0.0051639778,10,2373,0.104,2373,1,1,1,10,0.0051639778
leader_election.2,dve2C,chain-prev,sat-like,40,0.36,0.021602469,10,7830,0.36,7830,1,1,1,10,0.021602469
leader_election.3,dve2C,chain-prev,sat-like,1,0.277,0.0105934991,10,5104,0.277,5104,1,1,1,10,0.0105934991
leader_election.4,dve2C,chain-prev,sat-like,10,0.415,0.0462481231,10,7783,0.415,7783,1,1,1,10,0.0462481231
leader_election.5,dve2C,chain-prev,sat-like,5,0.709,0.0734014835,10,10463,0.709,10463,1,1,1,10,0.0734014835
leader_election.6,dve2C,chain-prev,sat-like,5,1.523,0.2220635545,10,20055,1.523,20055,1,1,1,10,0.2220635545
leader_filters.1,dve2C,chain-prev,sat-like,1,0.102,0.0091893658,10,2664,0.102,2585,1,1.0305609284,1.0305609284,10,0.0091893658
leader_filters.2,dve2C,chain-prev,sat-like,1,0.171,0.0110050493,10,3501,0.171,3450,1,1.0147826087,1.0147826087,10,0.0110050493
leader_filters.3,dve2C,chain-prev,sat-like,1,0.632,0.0154919334,10,16818,0.632,15756,1,1.0674028941,1.0674028941,10,0.0154919334
leader_filters.5,dve2C,bfs-prev,sat-like,1,5.839,0.2414516285,10,153161,5.839,139670,1,1.0965919668,1.0965919668,10,0.2414516285
leader_filters.6,dve2C,bfs-prev,sat-loop,40,64.106,1.7848510675,10,777241,64.106,762536,1,1.0192843354,1.0192843354,10,1.7848510675
leader_filters.7,dve2C,bfs-prev,sat-like,1,41.785,0.9713936152,10,1077613,41.785,970096,1,1.1108312992,1.1108312992,10,0.9713936152
lifts.1,dve2C,chain-prev,sat-loop,10,0.215,0.0070710678,10,3921,0.215,3739,1,1.0486761166,1.0486761166,10,0.0070710678
lifts.2,dve2C,chain-prev,sat-like,1,0.213,0.0133749351,10,3808,0.213,3726,1,1.0220075148,1.0220075148,10,0.0133749351
lifts.3,dve2C,chain-prev,sat-like,1,2.533,0.0442342251,10,25939,2.533,24919,1,1.0409326217,1.0409326217,10,0.0442342251
lifts.4,dve2C,chain-prev,sat-like,1,4.86,0.0907989231,10,37540,4.86,33987,1,1.1045399712,1.1045399712,10,0.0907989231
lifts.5,dve2C,chain-prev,sat-like,1,7.956,0.1746234043,10,56268,7.956,51818,1,1.0858774943,1.0858774943,10,0.1746234043
lifts.6,dve2C,chain-prev,sat-like,1,18.924,0.8948643597,10,110401,18.924,104788,1,1.0535652937,1.0535652937,10,0.8948643597
lifts.7,dve2C,bfs-prev,sat-like,1,96.575,2.1168228289,10,354927,96.575,326693,1,1.0864236454,1.0864236454,10,2.1168228289
lifts.8,dve2C,chain-prev,sat-like,1,246.138,6.4114720099,10,,246.138,691231,1,,,10,6.4114720099
lup.1,dve2C,bfs-prev,sat-like,80,0.022,0.0091893658,10,460,0.022,432,1,1.0648148148,1.0648148148,10,0.0091893658
lup.2,dve2C,bfs-prev,sat-like,80,6.156,0.2600085469,10,11436,6.156,11436,1,1,1,10,0.2600085469
lup.3,dve2C,bfs-prev,sat-like,80,27.291,1.4170583772,10,20060,27.291,20060,1,1,1,10,1.4170583772
lup.4,dve2C,bfs-prev,sat-loop,20,121.032,6.3737600973,10,32676,121.032,32676,1,1,1,10,6.3737600973
MAPK-20,pnml,chain,sat-like,1,0.575,0.0983474566,10,11387,0.575,4507,1,2.5265143111,2.5265143111,10,0.0983474566
MAPK-40,pnml,chain,sat-like,1,8.445,0.9667040223,10,110546,8.445,24492,1,4.5135554467,4.5135554467,10,0.9667040223
MAPK-8,pnml,chain,sat-like,1,0.048,0.0078881064,10,987,0.048,700,1,1.41,1.41,10,0.0078881064
MAPK-80,pnml,chain,sat-loop,2147483647,224.464,12.1685982028,10,155462,224.464,155462,1,1,1,10,12.1685982028
mcs.1,dve2C,chain-prev,sat-like,1,0.1,0.0066666667,10,1145,0.1,1145,1,1,1,10,0.0066666667
mcs.2,dve2C,chain-prev,sat-like,5,0.018,0.0042163702,10,383,0.018,383,1,1,1,10,0.0042163702
mcs.3,dve2C,chain-prev,sat-like,1,2.54,0.1455258664,10,24692,2.54,24692,1,1,1,10,0.1455258664
mcs.4,dve2C,chain,sat-like,2147483647,0.029,0.0073786479,10,919,0.029,722,1,1.2728531856,1.2728531856,10,0.0073786479
mcs.5,dve2C,bfs-prev,sat-like,1,55.808,2.4690745005,10,274854,55.808,274854,1,1,1,10,2.4690745005
mcs.6,dve2C,chain,sat-like,1,0.148,0.0078881064,10,3713,0.148,3469,1,1.070337273,1.070337273,10,0.0078881064
msmie.1,dve2C,bfs-prev,sat-loop,10,0.041,0.0056764621,10,426,0.041,388,1,1.0979381443,1.0979381443,10,0.0056764621
msmie.2,dve2C,chain-prev,sat-loop,10,0.061,0.0073786479,10,513,0.061,463,1,1.1079913607,1.1079913607,10,0.0073786479
msmie.3,dve2C,chain-prev,sat-like,1,0.177,0.0067494856,10,1637,0.177,1497,1,1.0935203741,1.0935203741,10,0.0067494856
msmie.4,dve2C,bfs-prev,sat-loop,5,0.457,0.0133749351,10,3983,0.457,3121,1,1.2761935277,1.2761935277,10,0.0133749351
MultiwaySync,pnml,chain,sat-like,20,3.359,0.3637596887,10,4138,3.359,3097,1,1.3361317404,1.3361317404,10,0.3637596887
needham.1,dve2C,chain-prev,sat-like,1,0.014,0.0051639778,10,322,0.014,322,1,1,1,10,0.0051639778
needham.2,dve2C,chain-prev,sat-like,1,0.156,0.0084327404,10,4281,0.156,4178,1,1.024652944,1.024652944,10,0.0084327404
needham.3,dve2C,chain-prev,sat-like,1,0.376,0.0183787317,10,8002,0.376,7928,1,1.0093340061,1.0093340061,10,0.0183787317
needham.4,dve2C,chain-prev,sat-like,1,2.152,0.0491709038,10,44397,2.152,43917,1,1.0109297083,1.0109297083,10,0.0491709038
open_system_0,pnml,chain-prev,sat-like,5,1.989,0.1998582831,10,9652,1.989,4591,1,2.1023742104,2.1023742104,10,0.1998582831
PaceMaker,pnml,chain,sat-like,1,1.513,0.1536988397,10,2603,1.513,2603,1,1,1,10,0.1536988397
parking_1_4,pnml,chain,sat-loop,10,0.049,0.0073786479,10,874,0.049,657,1,1.3302891933,1.3302891933,10,0.0073786479
parking_2_8,pnml,chain,sat-like,1,0.211,0.0242441287,10,1309,0.211,1309,1,1,1,10,0.0242441287
parking_4_16,pnml,chain,sat-like,1,2.322,0.2342742932,10,12087,2.322,12087,1,1,1,10,0.2342742932
parking_4_32,pnml,chain,sat-like,1,18.086,1.7842595725,10,60403,18.086,60403,1,1,1,10,1.7842595725
peg_solitaire.1,dve2C,bfs-prev,sat-loop,10,2.896,0.1574237029,10,8621,2.896,8621,1,1,1,10,0.1574237029
peg_solitaire.4,dve2C,bfs-prev,sat-loop,20,171.432,9.8239048584,10,123054,171.432,123054,1,1,1,10,9.8239048584
peg_solitaire.5,dve2C,chain,sat-loop,5,35.091,1.2957919072,10,34371,35.091,28006,1,1.2272727273,1.2272727273,10,1.2957919072
peterson.1,dve2C,chain,sat-like,1,0.064,0.006992059,10,766,0.064,766,1,1,1,10,0.006992059
peterson.2,dve2C,chain,sat-loop,5,0.046,0.006992059,10,593,0.046,593,1,1,1,10,0.006992059
Peterson-2,pnml,chain-prev,sat-loop,10,0.8,0.0837987006,10,4312,0.8,3862,1,1.1165199379,1.1165199379,10,0.0837987006
peterson.3,dve2C,chain,sat-like,1,0.131,0.0056764621,10,2824,0.131,2824,1,1,1,10,0.0056764621
Peterson-3,pnml,chain-prev,sat-like,1,70.85,3.6993603051,10,,70.85,113254,1,,,10,3.6993603051
peterson.4,dve2C,chain-prev,sat-like,1,1.667,0.0462000481,10,9795,1.667,9795,1,1,1,10,0.0462000481
peterson.5,dve2C,chain-prev,sat-like,5,1.648,0.1586610643,10,12855,1.648,11641,1,1.1042865733,1.1042865733,10,0.1586610643
peterson.6,dve2C,chain,sat-like,1,20.372,0.4698652289,10,244016,20.372,140520,1,1.7365214916,1.7365214916,10,0.4698652289
peterson.7,dve2C,chain-prev,sat-loop,1,55.266,1.4446083668,10,148028,55.266,142996,1,1.0351897955,1.0351897955,10,1.4446083668
pgm_protocol.1,dve2C,chain-prev,sat-like,1,1.471,0.0706242011,10,30699,1.471,30691,1,1.0002606627,1.0002606627,10,0.0706242011
pgm_protocol.2,dve2C,chain-prev,sat-like,40,1.956,0.1372912557,10,40522,1.956,40522,1,1,1,10,0.1372912557
pgm_protocol.3,dve2C,chain-prev,sat-like,1,11.083,0.2699403226,10,124636,11.083,123421,1,1.0098443539,1.0098443539,10,0.2699403226
pgm_protocol.4,dve2C,chain-prev,sat-like,5,2.681,0.2891155094,10,58134,2.681,58134,1,1,1,10,0.2891155094
pgm_protocol.5,dve2C,chain-prev,sat-like,5,15.955,0.9785164508,10,221544,15.955,221479,1,1.0002934815,1.0002934815,10,0.9785164508
pgm_protocol.6,dve2C,chain-prev,sat-like,20,20.942,1.0343844117,10,313513,20.942,313513,1,1,1,10,1.0343844117
pgm_protocol.7,dve2C,chain-prev,sat-like,1,5.272,0.408378909,10,101290,5.272,100147,1,1.0114132226,1.0114132226,10,0.408378909
pgm_protocol.8,dve2C,chain-prev,sat-like,5,36.108,1.6728870587,10,473191,36.108,470720,1,1.0052494052,1.0052494052,10,1.6728870587
philo_dyn-3-unfolded,pnml,chain-prev,sat-like,5,0.045,0.0052704628,10,602,0.045,602,1,1,1,10,0.0052704628
Philosophers-10,pnml,chain-prev,sat-like,5,0.016,0.0051639778,10,295,0.016,295,1,1,1,10,0.0051639778
Philosophers-100,pnml,chain,sat-like,10,0.54,0.0359010987,10,3178,0.54,3178,1,1,1,10,0.0359010987
Philosophers-1000,pnml,chain,sat-like,40,54.931,5.3725691144,10,33360,54.931,33360,1,1,1,10,5.3725691144
Philosophers-20,pnml,chain,sat-like,10,0.04,0.0081649658,10,615,0.04,615,1,1,1,10,0.0081649658
Philosophers-200,pnml,chain,sat-like,10,2.078,0.2271954616,10,6375,2.078,6375,1,1,1,10,0.2271954616
Philosophers-2000,pnml,chain,sat-like,20,222.319,16.4537665056,10,,222.319,,1,,,10,16.4537665056
Philosophers-5,pnml,chain-prev,sat-like,80,0.006,0.0051639778,10,135,0.006,135,1,1,1,10,0.0051639778
Philosophers-50,pnml,chain-prev,sat-like,10,0.161,0.019692074,10,1575,0.161,1575,1,1,1,10,0.019692074
Philosophers-500,pnml,chain,sat-like,20,13.122,1.8500738724,10,16679,13.122,16679,1,1,1,10,1.8500738724
phils.1,dve2C,chain,sat-loop,80,0.005,0.0052704628,10,55,0.005,53,1,1.0377358491,1.0377358491,10,0.0052704628
phils.2,dve2C,chain-prev,sat-like,1,0.007,0.0067494856,10,159,0.007,159,1,1,1,10,0.0067494856
phils.3,dve2C,chain-prev,sat-like,1,0.007,0.0048304589,10,106,0.007,98,1,1.0816326531,1.0816326531,10,0.0048304589
phils.4,dve2C,chain-prev,sat-like,1,0.097,0.0067494856,10,2018,0.097,2018,1,1,1,10,0.0067494856
phils.5,dve2C,chain,sat-like,1,0.022,0.0042163702,10,225,0.022,225,1,1,1,10,0.0042163702
phils.6,dve2C,chain,sat-like,1,0.029,0.0087559504,10,296,0.029,272,1,1.0882352941,1.0882352941,10,0.0087559504
phils.7,dve2C,chain-prev,sat-like,1,2.031,0.0792254168,10,30224,2.031,29200,1,1.0350684932,1.0350684932,10,0.0792254168
phils.8,dve2C,chain,sat-like,1,0.03,0.0105409255,10,311,0.03,287,1,1.0836236934,1.0836236934,10,0.0105409255
pouring.1,dve2C,chain-prev,sat-like,80,0.923,0.05716448,10,346,0.923,346,1,1,1,10,0.05716448
pouring.2,dve2C,chain,sat-loop,1,0.967,0.0388873016,10,2211,0.967,872,1,2.5355504587,2.5355504587,10,0.0388873016
ProductionCell,pnml,chain,sat-like,80,14.02,0.4740839119,10,40852,14.02,24711,1,1.6531908866,1.6531908866,10,0.4740839119
production_cell.2,dve2C,chain-prev,sat-like,1,0.08,0.0066666667,10,833,0.08,788,1,1.057106599,1.057106599,10,0.0066666667
production_cell.4,dve2C,chain-prev,sat-like,1,0.601,0.0233095116,10,8755,0.601,8081,1,1.0834055191,1.0834055191,10,0.0233095116
protocols.2,dve2C,chain,sat-like,5,0.02,0.0047140452,10,391,0.02,391,1,1,1,10,0.0047140452
protocols.3,dve2C,chain,sat-loop,80,0.011,0.0056764621,10,271,0.011,271,1,1,1,10,0.0056764621
protocols.4,dve2C,chain-prev,sat-like,1,0.12,0.0066666667,10,3930,0.12,3925,1,1.0012738854,1.0012738854,10,0.0066666667
protocols.5,dve2C,chain-prev,sat-like,1,0.228,0.0103279556,10,9842,0.228,9662,1,1.0186296833,1.0186296833,10,0.0103279556
public_subscribe.2,dve2C,chain-prev,sat-like,1,3.287,0.1036071641,10,47131,3.287,47131,1,1,1,10,0.1036071641
public_subscribe.5,dve2C,chain-prev,sat-like,1,120.966,2.2713197338,10,,120.966,1173186,1,,,10,2.2713197338
QCertifProtocol_02-unfold,pnml,chain-prev,sat-like,5,0.063,0.0067494856,10,2427,0.063,2427,1,1,1,10,0.0067494856
QCertifProtocol_06-unfold,pnml,chain-prev,sat-like,5,9.923,1.3513043082,10,375519,9.923,375519,1,1,1,10,1.3513043082
raft_02,pnml,chain,sat-like,80,0.019,0.0056764621,10,427,0.019,290,1,1.4724137931,1.4724137931,10,0.0056764621
raft_03,pnml,chain,sat-like,40,0.146,0.0117378779,10,2761,0.146,1733,1,1.5931909983,1.5931909983,10,0.0117378779
raft_04,pnml,chain,sat-like,40,1.551,0.0647130418,10,16573,1.551,9300,1,1.7820430108,1.7820430108,10,0.0647130418
raft_05,pnml,chain,sat-like,40,6.761,0.8446491711,10,48551,6.761,40124,1,1.2100239258,1.2100239258,10,0.8446491711
raft_06,pnml,chain,sat-like,80,31.986,1.518348518,10,172133,31.986,147069,1,1.1704234067,1.1704234067,10,1.518348518
RAS-C-10,pnml,chain-prev,sat-like,5,0.022,0.0042163702,10,509,0.022,509,1,1,1,10,0.0042163702
RAS-C-100,pnml,chain,sat-like,10,1.125,0.0967528352,10,5369,1.125,5369,1,1,1,10,0.0967528352
RAS-C-15,pnml,chain,sat-like,5,0.045,0.0052704628,10,768,0.045,768,1,1,1,10,0.0052704628
RAS-C-20,pnml,chain,sat-like,5,0.066,0.0150554531,10,1049,0.066,1049,1,1,1,10,0.0150554531
RAS-C-3,pnml,chain-prev,sat-like,5,0.005,0.0052704628,10,68,0.005,55,1,1.2363636364,1.2363636364,10,0.0052704628
RAS-C-5,pnml,chain,sat-like,20,0.01,0.0081649658,10,228,0.01,228,1,1,1,10,0.0081649658
RAS-C-50,pnml,chain,sat-like,5,0.307,0.0245175674,10,2669,0.307,2669,1,1,1,10,0.0245175674
RAS-R-10,pnml,chain,sat-like,80,0.012,0.0078881064,10,225,0.012,204,1,1.1029411765,1.1029411765,10,0.0078881064
RAS-R-100,pnml,chain,none,,7.536,0.1900409313,10,18000,7.536,12233,1,1.4714297392,1.4714297392,10,0.1900409313
RAS-R-15,pnml,chain,sat-loop,80,0.034,0.006992059,10,468,0.034,388,1,1.206185567,1.206185567,10,0.006992059
RAS-R-2,pnml,chain,none,,0.002,0.0042163702,10,19,0.002,19,1,1,1,10,0.0042163702
RAS-R-20,pnml,chain,sat-loop,2147483647,0.073,0.0067494856,10,800,0.073,592,1,1.3513513514,1.3513513514,10,0.0067494856
RAS-R-3,pnml,chain,sat-loop,2147483647,0.004,0.0051639778,10,33,0.004,33,1,1,1,10,0.0051639778
RAS-R-5,pnml,chain,sat-loop,5,0.005,0.0070710678,10,86,0.005,68,1,1.2647058824,1.2647058824,10,0.0070710678
RAS-R-50,pnml,chain,sat-loop,2147483647,0.96,0.0226077666,10,4625,0.96,3313,1,1.3960156957,1.3960156957,10,0.0226077666
reader_writer.1,dve2C,chain-prev,sat-like,2147483647,0.011,0.0073786479,10,155,0.011,155,1,1,1,10,0.0073786479
reader_writer.2,dve2C,chain,sat-like,2147483647,0.012,0.0078881064,10,181,0.012,181,1,1,1,10,0.0078881064
reader_writer.3,dve2C,chain-prev,sat-like,2147483647,0.037,0.0048304589,10,407,0.037,407,1,1,1,10,0.0048304589
rether.1,dve2C,chain-prev,sat-like,1,0.127,0.008232726,10,1449,0.127,1449,1,1,1,10,0.008232726
rether.2,dve2C,chain-prev,sat-loop,20,0.687,0.0141813649,10,5188,0.687,5185,1,1.0005785921,1.0005785921,10,0.0141813649
rether.3,dve2C,chain-prev,sat-like,1,17.382,0.3698287892,10,58951,17.382,58951,1,1,1,10,0.3698287892
rether.4,dve2C,chain-prev,sat-like,80,67.628,3.2744220864,10,197333,67.628,196780,1,1.0028102449,1.0028102449,10,3.2744220864
rether.5,dve2C,chain-prev,sat-like,1,122.263,2.9651945786,10,,122.263,397610,1,,,10,2.9651945786
rether.6,dve2C,chain-prev,sat-like,10,760.937,717.0465963016,7,,760.937,645330,1,,,7,717.0465963016
rether.7,dve2C,chain-prev,sat-like,1,222.902,4.5938867591,10,,222.902,810032,1,,,10,4.5938867591
ring,pnml,chain,sat-like,10,2.613,0.3807901143,10,8208,2.613,7287,1,1.1263894607,1.1263894607,10,0.3807901143
rwmutex-r10w10,pnml,chain,sat-like,20,0.025,0.0052704628,10,432,0.025,432,1,1,1,10,0.0052704628
rwmutex-r10w100,pnml,chain-prev,sat-loop,40,0.631,0.042804465,10,883,0.631,883,1,1,1,10,0.042804465
rwmutex-r10w1000,pnml,chain-prev,sat-loop,2147483647,53.725,3.0916563342,10,8200,53.725,8200,1,1,1,10,3.0916563342
rwmutex-r10w20,pnml,chain-prev,sat-loop,20,0.061,0.0056764621,10,1006,0.061,1006,1,1,1,10,0.0056764621
rwmutex-r10w2000,pnml,chain-prev,none,,236.818,11.2417671604,10,,236.818,,1,,,10,11.2417671604
rwmutex-r10w50,pnml,bfs-prev,sat-loop,5,0.25,0.0149071198,10,2614,0.25,2614,1,1,1,10,0.0149071198
rwmutex-r10w500,pnml,bfs-prev,sat-loop,80,54.93,1.6280390386,10,229089,54.93,229089,1,1,1,10,1.6280390386
rwmutex-r20w10,pnml,chain-prev,sat-loop,5,16.272,0.9680312208,10,1608,16.272,1608,1,1,1,10,0.9680312208
SafeBus-03-unfolded,pnml,chain,sat-loop,2147483647,0.514,0.0117378779,10,6198,0.514,5326,1,1.163725122,1.163725122,10,0.0117378779
schedule_world.1,dve2C,chain-prev,sat-like,1,0.049,0.0073786479,10,855,0.049,855,1,1,1,10,0.0073786479
schedule_world.2,dve2C,chain,sat-like,1,0.159,0.0073786479,10,4385,0.159,4255,1,1.0305522914,1.0305522914,10,0.0073786479
schedule_world.3,dve2C,chain,sat-like,10,0.656,0.147437369,10,8356,0.656,8265,1,1.0110102843,1.0110102843,10,0.147437369
sg-2-1-2,pnml,chain,sat-like,1,1.728,0.1694304184,10,7666,1.728,7666,1,1,1,10,0.1694304184
shared_memory-pt-10,pnml,chain-prev,sat-like,5,2.678,0.1341475142,10,30896,2.678,30896,1,1,1,10,0.1341475142
shared_memory-pt-5,pnml,chain,sat-like,2147483647,0.023,0.0048304589,10,464,0.023,464,1,1,1,10,0.0048304589
simple_lbs-10,pnml,chain-prev,sat-like,5,1416.424,617.6167884916,3,,1416.424,,1,,,3,617.6167884916
simple_lbs-2,pnml,chain,sat-like,1,0.047,0.0067494856,10,866,0.047,866,1,1,1,10,0.0067494856
simple_lbs-5,pnml,chain-prev,sat-like,1,2.401,0.3045743843,10,9755,2.401,9755,1,1,1,10,0.3045743843
SmallOperatingSystem-MT0016DC0008,pnml,bfs-prev,sat-like,1,0.056,0.006992059,10,2473,0.056,2473,1,1,1,10,0.006992059
SmallOperatingSystem-MT0032DC0008,pnml,chain-prev,sat-like,1,0.166,0.0134989712,10,7873,0.166,7873,1,1,1,10,0.0134989712
SmallOperatingSystem-MT0032DC0016,pnml,bfs-prev,sat-like,1,0.398,0.020439613,10,14601,0.398,14601,1,1,1,10,0.020439613
SmallOperatingSystem-MT0064DC0016,pnml,bfs-prev,sat-like,1,1.373,0.0956904732,10,50233,1.373,50233,1,1,1,10,0.0956904732
SmallOperatingSystem-MT0064DC0032,pnml,chain-prev,sat-loop,10,4.021,0.1055619881,10,98569,4.021,98569,1,1,1,10,0.1055619881
SmallOperatingSystem-MT0128DC0032,pnml,bfs-prev,sat-like,1,15.465,1.5105499366,10,355177,15.465,355177,1,1,1,10,1.5105499366
SmallOperatingSystem-MT0128DC0064,pnml,chain-prev,sat-loop,20,51.667,1.3314240497,10,720393,51.667,720393,1,1,1,10,1.3314240497
SmallOperatingSystem-MT0256DC0064,pnml,chain-prev,sat-like,1,401.139,491.5846108352,9,2663113,401.139,2663113,1,1,1,9,491.5846108352
sokoban.1,dve2C,bfs-prev,sat-loop,5,7.281,0.388514264,10,12114,7.281,11917,1,1.0165310061,1.0165310061,10,0.388514264
sokoban.2,dve2C,bfs,sat-loop,2147483647,67.61,3.2815782111,10,77376,67.61,77008,1,1.0047787243,1.0047787243,10,3.2815782111
soli0_counter_square5,pnml,bfs-prev,sat-loop,2147483647,1199.07,775.7975040491,4,,1199.07,6259561,1,,,4,775.7975040491
soli0_square5,pnml,chain,sat-loop,40,17.805,1.6542823217,10,116286,17.805,95181,1,1.2217354304,1.2217354304,10,1.6542823217
sorter.1,dve2C,chain-prev,sat-like,80,0.138,0.0078881064,10,1921,0.138,1697,1,1.1319976429,1.1319976429,10,0.0078881064
sorter.2,dve2C,chain-prev,sat-loop,80,0.098,0.0063245553,10,1275,0.098,1260,1,1.0119047619,1.0119047619,10,0.0063245553
sorter.3,dve2C,chain-prev,sat-like,5,2.487,0.3192021303,10,20166,2.487,20166,1,1,1,10,0.3192021303
sorter.4,dve2C,chain-prev,sat-loop,40,19.717,0.5072595216,10,46938,19.717,34915,1,1.3443505657,1.3443505657,10,0.5072595216
sorter.5,dve2C,bfs-prev,sat-loop,10,1.559,0.0414862762,10,8798,1.559,8018,1,1.0972811175,1.0972811175,10,0.0414862762
SwimmingPool-1,pnml,chain-prev,sat-loop,5,0.113,0.008232726,10,6729,0.113,6729,1,1,1,10,0.008232726
SwimmingPool-2,pnml,chain-prev,sat-loop,5,1.176,0.1119722188,10,62174,1.176,62174,1,1,1,10,0.1119722188
SwimmingPool-3,pnml,chain-prev,sat-like,5,5.27,0.1825741858,10,254594,5.27,254594,1,1,1,10,0.1825741858
SwimmingPool-4,pnml,chain-prev,sat-loop,5,18.571,2.8482370766,10,718489,18.571,718489,1,1,1,10,2.8482370766
synapse.1,dve2C,bfs-prev,sat-loop,20,0.675,0.0254950976,10,13197,0.675,13182,1,1.0011379153,1.0011379153,10,0.0254950976
synapse.2,dve2C,bfs-prev,sat-loop,20,0.673,0.0205750658,10,10449,0.673,10011,1,1.0437518729,1.0437518729,10,0.0205750658
synapse.3,dve2C,bfs-prev,sat-loop,20,2.123,0.0585092585,10,30229,2.123,29215,1,1.0347081978,1.0347081978,10,0.0585092585
synapse.4,dve2C,bfs-prev,sat-like,1,6.577,0.1179500836,10,92425,6.577,92305,1,1.0013000379,1.0013000379,10,0.1179500836
synapse.5,dve2C,chain-prev,sat-like,1,2.11,0.0501109879,10,22810,2.11,22810,1,1,1,10,0.0501109879
synapse.6,dve2C,chain-prev,sat-loop,20,4.061,0.1002718527,10,44418,4.061,41006,1,1.0832073355,1.0832073355,10,0.1002718527
synapse.7,dve2C,bfs-prev,sat-like,10,17.756,0.5348353849,10,162064,17.756,161913,1,1.0009325996,1.0009325996,10,0.5348353849
tcp10,pnml,chain,sat-loop,10,63.921,2.9106831959,10,912129,63.921,912129,1,1,1,10,2.9106831959
tcp5,pnml,chain,sat-loop,10,1.279,0.1513237882,10,27672,1.279,27672,1,1,1,10,0.1513237882
TokenRing-10-unfolded,pnml,chain-prev,sat-like,1,1.724,0.2396849784,10,3160,1.724,3160,1,1,1,10,0.2396849784
TokenRing-15-unfolded,pnml,chain-prev,sat-like,40,35.636,2.3236953329,10,12893,35.636,12893,1,1,1,10,2.3236953329
TokenRing-20-unfolded,pnml,chain-prev,sat-like,1,1198.645,777.187507037,4,,1198.645,,1,,,4,777.187507037
TokenRing-5-unfolded,pnml,chain-prev,sat-like,1,0.049,0.0073786479,10,475,0.049,475,1,1,1,10,0.0073786479
trg_1-20-0,pnml,chain-prev,sat-like,80,0.398,0.024404007,10,7327,0.398,7327,1,1,1,10,0.024404007
trg_1-50-0,pnml,chain-prev,sat-loop,10,2.54,0.2800396797,10,40362,2.54,38422,1,1.0504919057,1.0504919057,10,0.2800396797
unf-8x8-4stageSEN-01,pnml,bfs-prev,sat-loop,2147483647,11.143,0.2590173739,10,71327,11.143,71327,1,1,1,10,0.2590173739
UtahNoC,pnml,chain-prev,sat-like,10,140.383,5.3566283965,10,43136,140.383,43136,1,1,1,10,5.3566283965
Vasy2003,pnml,chain,sat-loop,20,49.614,4.5302028407,10,259110,49.614,194929,1,1.3292532153,1.3292532153,10,4.5302028407
